enhet_kode,maned,dimensjon,maling,antall_avvik,antall_rader,andel_avvik_pst
BUP,2023-06-01 00:00:00,Validitet,Prioritet satt til forvalgt verdi,457,1054,43.36
BUP,2025-04-01 00:00:00,Validitet,Prioritet satt til forvalgt verdi,407,975,41.74
DPS,2023-03-01 00:00:00,Validitet,Prioritet satt til forvalgt verdi,390,1086,35.91
ORT,2025-02-01 00:00:00,Validitet,Prioritet satt til forvalgt verdi,150,903,16.61
TSB,2022-08-01 00:00:00,Validitet,Prioritet satt til forvalgt verdi,476,1114,42.73
BUP,2023-01-01 00:00:00,Validitet,Prioritet satt til forvalgt verdi,448,1121,39.96
KIR,2022-11-01 00:00:00,Validitet,Prioritet satt til forvalgt verdi,246,1100,22.36
KIR,2025-12-01 00:00:00,Validitet,Prioritet satt til forvalgt verdi,403,1830,22.02
REH,2022-08-01 00:00:00,Validitet,Prioritet satt til forvalgt verdi,355,1041,34.1
BUP,2024-09-01 00:00:00,Validitet,Prioritet satt til forvalgt verdi,443,1038,42.68
REH,2025-07-01 00:00:00,Validitet,Prioritet satt til forvalgt verdi,366,1020,35.88
MED,2025-10-01 00:00:00,Validitet,Prioritet satt til forvalgt verdi,290,1082,26.8
BUP,2022-12-01 00:00:00,Validitet,Prioritet satt til forvalgt verdi,763,1836,41.56
ONK,2025-10-01 00:00:00,Validitet,Prioritet satt til forvalgt verdi,78,1036,7.53
BUP,2023-05-01 00:00:00,Validitet,Prioritet satt til forvalgt verdi,444,1038,42.77
TSB,2023-10-01 00:00:00,Validitet,Prioritet satt til forvalgt verdi,507,1059,47.88
KIR,2022-07-01 00:00:00,Validitet,Prioritet satt til forvalgt verdi,213,1069,19.93
TSB,2025-07-01 00:00:00,Validitet,Prioritet satt til forvalgt verdi,469,1033,45.4
REH,2023-10-01 00:00:00,Validitet,Prioritet satt til forvalgt verdi,323,1022,31.6
TSB,2022-01-01 00:00:00,Validitet,Prioritet satt til forvalgt verdi,476,1089,43.71
TSB,2024-07-01 00:00:00,Validitet,Prioritet satt til forvalgt verdi,466,1043,44.68
ORT,2024-12-01 00:00:00,Validitet,Prioritet satt til forvalgt verdi,312,1859,16.78
TSB,2024-08-01 00:00:00,Validitet,Prioritet satt til forvalgt verdi,503,1081,46.53
REH,2023-04-01 00:00:00,Validitet,Prioritet satt til forvalgt verdi,353,1001,35.26
REH,2022-01-01 00:00:00,Validitet,Prioritet satt til forvalgt verdi,430,1100,39.09
ORT,2023-08-01 00:00:00,Validitet,Prioritet satt til forvalgt verdi,202,1076,18.77
ONK,2025-12-01 00:00:00,Validitet,Prioritet satt til forvalgt verdi,119,1884,6.32
MED,2025-12-01 00:00:00,Validitet,Prioritet satt til forvalgt verdi,480,1871,25.65
TSB,2022-10-01 00:00:00,Validitet,Prioritet satt til forvalgt verdi,482,1053,45.77
REH,2024-05-01 00:00:00,Validitet,Prioritet satt til forvalgt verdi,383,1080,35.46
TSB,2024-05-01 00:00:00,Validitet,Prioritet satt til forvalgt verdi,476,1047,45.46
TSB,2025-11-01 00:00:00,Validitet,Prioritet satt til forvalgt verdi,481,1047,45.94
MED,2022-07-01 00:00:00,Validitet,Prioritet satt til forvalgt verdi,279,1107,25.2
REH,2024-07-01 00:00:00,Validitet,Prioritet satt til forvalgt verdi,356,1046,34.03
DPS,2023-09-01 00:00:00,Validitet,Prioritet satt til forvalgt verdi,328,989,33.16
ORT,2025-05-01 00:00:00,Validitet,Prioritet satt til forvalgt verdi,203,1043,19.46
REH,2025-11-01 00:00:00,Validitet,Prioritet satt til forvalgt verdi,340,1023,33.24
ORT,2023-11-01 00:00:00,Validitet,Prioritet satt til forvalgt verdi,180,1018,17.68
ORT,2025-08-01 00:00:00,Validitet,Prioritet satt til forvalgt verdi,212,1048,20.23
TSB,2025-01-01 00:00:00,Validitet,Prioritet satt til forvalgt verdi,484,1038,46.63
ONK,2022-11-01 00:00:00,Validitet,Prioritet satt til forvalgt verdi,58,1001,5.79
DPS,2022-04-01 00:00:00,Validitet,Prioritet satt til forvalgt verdi,322,1029,31.29
REH,2024-08-01 00:00:00,Validitet,Prioritet satt til forvalgt verdi,359,1051,34.16
ONK,2022-07-01 00:00:00,Validitet,Prioritet satt til forvalgt verdi,66,1082,6.1
BUP,2024-10-01 00:00:00,Validitet,Prioritet satt til forvalgt verdi,447,1041,42.94
ORT,2025-03-01 00:00:00,Validitet,Prioritet satt til forvalgt verdi,197,1077,18.29
REH,2025-01-01 00:00:00,Validitet,Prioritet satt til forvalgt verdi,384,1063,36.12
REH,2022-10-01 00:00:00,Validitet,Prioritet satt til forvalgt verdi,402,1095,36.71
KIR,2025-10-01 00:00:00,Validitet,Prioritet satt til forvalgt verdi,242,1102,21.96
TSB,2023-04-01 00:00:00,Validitet,Prioritet satt til forvalgt verdi,438,991,44.2
MED,2022-11-01 00:00:00,Validitet,Prioritet satt til forvalgt verdi,295,1058,27.88
MED,2024-04-01 00:00:00,Validitet,Prioritet satt til forvalgt verdi,293,1041,28.15
ORT,2024-02-01 00:00:00,Validitet,Prioritet satt til forvalgt verdi,205,1059,19.36
KIR,2022-02-01 00:00:00,Validitet,Prioritet satt til forvalgt verdi,235,946,24.84
ONK,2023-12-01 00:00:00,Validitet,Prioritet satt til forvalgt verdi,115,1883,6.11
MED,2023-12-01 00:00:00,Validitet,Prioritet satt til forvalgt verdi,492,1857,26.49
DPS,2025-07-01 00:00:00,Validitet,Prioritet satt til forvalgt verdi,356,1061,33.55
ORT,2022-09-01 00:00:00,Validitet,Prioritet satt til forvalgt verdi,174,1050,16.57
KIR,2024-01-01 00:00:00,Validitet,Prioritet satt til forvalgt verdi,248,1039,23.87
ORT,2023-02-01 00:00:00,Validitet,Prioritet satt til forvalgt verdi,185,980,18.88
DPS,2023-10-01 00:00:00,Validitet,Prioritet satt til forvalgt verdi,357,1062,33.62
BUP,2022-06-01 00:00:00,Validitet,Prioritet satt til forvalgt verdi,437,1029,42.47
ONK,2024-04-01 00:00:00,Validitet,Prioritet satt til forvalgt verdi,75,1022,7.34
BUP,2022-03-01 00:00:00,Validitet,Prioritet satt til forvalgt verdi,461,1036,44.5
KIR,2024-03-01 00:00:00,Validitet,Prioritet satt til forvalgt verdi,230,1046,21.99
ORT,2023-07-01 00:00:00,Validitet,Prioritet satt til forvalgt verdi,178,1072,16.6
TSB,2023-03-01 00:00:00,Validitet,Prioritet satt til forvalgt verdi,478,1080,44.26
ORT,2024-11-01 00:00:00,Validitet,Prioritet satt til forvalgt verdi,153,941,16.26
REH,2023-03-01 00:00:00,Validitet,Prioritet satt til forvalgt verdi,385,1088,35.39
DPS,2022-08-01 00:00:00,Validitet,Prioritet satt til forvalgt verdi,325,1021,31.83
KIR,2025-06-01 00:00:00,Validitet,Prioritet satt til forvalgt verdi,236,1048,22.52
BUP,2024-06-01 00:00:00,Validitet,Prioritet satt til forvalgt verdi,420,1019,41.22
KIR,2025-04-01 00:00:00,Validitet,Prioritet satt til forvalgt verdi,236,973,24.25
REH,2022-09-01 00:00:00,Validitet,Prioritet satt til forvalgt verdi,381,1070,35.61
REH,2023-07-01 00:00:00,Validitet,Prioritet satt til forvalgt verdi,380,1088,34.93
KIR,2023-05-01 00:00:00,Validitet,Prioritet satt til forvalgt verdi,253,1106,22.88
KIR,2022-12-01 00:00:00,Validitet,Prioritet satt til forvalgt verdi,403,1852,21.76
TSB,2024-11-01 00:00:00,Validitet,Prioritet satt til forvalgt verdi,482,1068,45.13
REH,2023-02-01 00:00:00,Validitet,Prioritet satt til forvalgt verdi,352,923,38.14
KIR,2023-06-01 00:00:00,Validitet,Prioritet satt til forvalgt verdi,234,1072,21.83
BUP,2022-11-01 00:00:00,Validitet,Prioritet satt til forvalgt verdi,434,1072,40.49
REH,2024-11-01 00:00:00,Validitet,Prioritet satt til forvalgt verdi,368,1039,35.42
KIR,2024-09-01 00:00:00,Validitet,Prioritet satt til forvalgt verdi,220,1054,20.87
TSB,2022-09-01 00:00:00,Validitet,Prioritet satt til forvalgt verdi,446,1011,44.11
ORT,2023-03-01 00:00:00,Validitet,Prioritet satt til forvalgt verdi,184,1089,16.9
TSB,2023-07-01 00:00:00,Validitet,Prioritet satt til forvalgt verdi,443,1028,43.09
TSB,2024-02-01 00:00:00,Validitet,Prioritet satt til forvalgt verdi,456,1029,44.31
BUP,2022-07-01 00:00:00,Validitet,Prioritet satt til forvalgt verdi,428,1012,42.29
MED,2024-10-01 00:00:00,Validitet,Prioritet satt til forvalgt verdi,289,1049,27.55
ONK,2024-10-01 00:00:00,Validitet,Prioritet satt til forvalgt verdi,83,1080,7.69
DPS,2025-02-01 00:00:00,Validitet,Prioritet satt til forvalgt verdi,325,965,33.68
BUP,2025-12-01 00:00:00,Validitet,Prioritet satt til forvalgt verdi,787,1952,40.32
TSB,2023-02-01 00:00:00,Validitet,Prioritet satt til forvalgt verdi,438,953,45.96
REH,2024-02-01 00:00:00,Validitet,Prioritet satt til forvalgt verdi,333,980,33.98
KIR,2023-01-01 00:00:00,Validitet,Prioritet satt til forvalgt verdi,215,1033,20.81
REH,2025-02-01 00:00:00,Validitet,Prioritet satt til forvalgt verdi,330,867,38.06
BUP,2022-02-01 00:00:00,Validitet,Prioritet satt til forvalgt verdi,373,932,40.02
ONK,2025-09-01 00:00:00,Validitet,Prioritet satt til forvalgt verdi,77,1020,7.55
ORT,2022-08-01 00:00:00,Validitet,Prioritet satt til forvalgt verdi,189,1040,18.17
DPS,2023-07-01 00:00:00,Validitet,Prioritet satt til forvalgt verdi,352,1042,33.78
BUP,2024-03-01 00:00:00,Validitet,Prioritet satt til forvalgt verdi,460,1080,42.59
BUP,2024-01-01 00:00:00,Validitet,Prioritet satt til forvalgt verdi,417,1054,39.56
KIR,2022-06-01 00:00:00,Validitet,Prioritet satt til forvalgt verdi,203,967,20.99
ORT,2025-07-01 00:00:00,Validitet,Prioritet satt til forvalgt verdi,196,997,19.66
MED,2025-09-01 00:00:00,Validitet,Prioritet satt til forvalgt verdi,298,1036,28.76
DPS,2022-09-01 00:00:00,Validitet,Prioritet satt til forvalgt verdi,385,1062,36.25
TSB,2025-02-01 00:00:00,Validitet,Prioritet satt til forvalgt verdi,433,957,45.25
BUP,2025-06-01 00:00:00,Validitet,Prioritet satt til forvalgt verdi,435,1042,41.75
KIR,2022-03-01 00:00:00,Validitet,Prioritet satt til forvalgt verdi,242,1065,22.72
DPS,2023-02-01 00:00:00,Validitet,Prioritet satt til forvalgt verdi,326,929,35.09
DPS,2024-02-01 00:00:00,Validitet,Prioritet satt til forvalgt verdi,326,973,33.5
ORT,2023-10-01 00:00:00,Validitet,Prioritet satt til forvalgt verdi,223,1127,19.79
KIR,2024-06-01 00:00:00,Validitet,Prioritet satt til forvalgt verdi,256,1062,24.11
DPS,2024-11-01 00:00:00,Validitet,Prioritet satt til forvalgt verdi,363,1058,34.31
ONK,2025-03-01 00:00:00,Validitet,Prioritet satt til forvalgt verdi,83,1057,7.85
MED,2025-03-01 00:00:00,Validitet,Prioritet satt til forvalgt verdi,256,1060,24.15
ONK,2025-08-01 00:00:00,Validitet,Prioritet satt til forvalgt verdi,67,1066,6.29
KIR,2025-02-01 00:00:00,Validitet,Prioritet satt til forvalgt verdi,205,937,21.88
DPS,2022-12-01 00:00:00,Validitet,Prioritet satt til forvalgt verdi,620,1876,33.05
DPS,2023-06-01 00:00:00,Validitet,Prioritet satt til forvalgt verdi,359,1052,34.13
MED,2023-08-01 00:00:00,Validitet,Prioritet satt til forvalgt verdi,308,1072,28.73
DPS,2024-09-01 00:00:00,Validitet,Prioritet satt til forvalgt verdi,333,1047,31.81
TSB,2022-03-01 00:00:00,Validitet,Prioritet satt til forvalgt verdi,455,978,46.52
MED,2024-12-01 00:00:00,Validitet,Prioritet satt til forvalgt verdi,507,1965,25.8
TSB,2022-06-01 00:00:00,Validitet,Prioritet satt til forvalgt verdi,449,1003,44.77
DPS,2023-05-01 00:00:00,Validitet,Prioritet satt til forvalgt verdi,361,1074,33.61
DPS,2025-04-01 00:00:00,Validitet,Prioritet satt til forvalgt verdi,374,1089,34.34
ORT,2022-07-01 00:00:00,Validitet,Prioritet satt til forvalgt verdi,174,1099,15.83
ONK,2023-08-01 00:00:00,Validitet,Prioritet satt til forvalgt verdi,72,1120,6.43
TSB,2024-06-01 00:00:00,Validitet,Prioritet satt til forvalgt verdi,478,1017,47.0
MED,2025-08-01 00:00:00,Validitet,Prioritet satt til forvalgt verdi,282,1079,26.14
ORT,2022-11-01 00:00:00,Validitet,Prioritet satt til forvalgt verdi,190,1031,18.43
ONK,2025-05-01 00:00:00,Validitet,Prioritet satt til forvalgt verdi,81,1111,7.29
MED,2023-11-01 00:00:00,Validitet,Prioritet satt til forvalgt verdi,264,1012,26.09
REH,2024-06-01 00:00:00,Validitet,Prioritet satt til forvalgt verdi,368,1017,36.18
REH,2022-06-01 00:00:00,Validitet,Prioritet satt til forvalgt verdi,365,971,37.59
REH,2022-03-01 00:00:00,Validitet,Prioritet satt til forvalgt verdi,377,1055,35.73
ONK,2024-12-01 00:00:00,Validitet,Prioritet satt til forvalgt verdi,138,1938,7.12
BUP,2023-03-01 00:00:00,Validitet,Prioritet satt til forvalgt verdi,435,1058,41.12
MED,2025-05-01 00:00:00,Validitet,Prioritet satt til forvalgt verdi,263,1023,25.71
DPS,2023-01-01 00:00:00,Validitet,Prioritet satt til forvalgt verdi,365,1093,33.39
ORT,2025-12-01 00:00:00,Validitet,Prioritet satt til forvalgt verdi,339,1856,18.27
ONK,2023-11-01 00:00:00,Validitet,Prioritet satt til forvalgt verdi,73,1043,7.0
REH,2023-12-01 00:00:00,Validitet,Prioritet satt til forvalgt verdi,651,1885,34.54
REH,2024-04-01 00:00:00,Validitet,Prioritet satt til forvalgt verdi,358,1020,35.1
BUP,2023-11-01 00:00:00,Validitet,Prioritet satt til forvalgt verdi,421,1038,40.56
BUP,2025-03-01 00:00:00,Validitet,Prioritet satt til forvalgt verdi,446,1067,41.8
BUP,2024-12-01 00:00:00,Validitet,Prioritet satt til forvalgt verdi,760,1839,41.33
KIR,2022-04-01 00:00:00,Validitet,Prioritet satt til forvalgt verdi,202,981,20.59
KIR,2023-09-01 00:00:00,Validitet,Prioritet satt til forvalgt verdi,221,995,22.21
MED,2023-03-01 00:00:00,Validitet,Prioritet satt til forvalgt verdi,267,1045,25.55
TSB,2023-12-01 00:00:00,Validitet,Prioritet satt til forvalgt verdi,891,1882,47.34
BUP,2023-08-01 00:00:00,Validitet,Prioritet satt til forvalgt verdi,448,1088,41.18
BUP,2025-05-01 00:00:00,Validitet,Prioritet satt til forvalgt verdi,446,1094,40.77
ORT,2024-10-01 00:00:00,Validitet,Prioritet satt til forvalgt verdi,186,1089,17.08
TSB,2024-04-01 00:00:00,Validitet,Prioritet satt til forvalgt verdi,454,1037,43.78
DPS,2025-10-01 00:00:00,Validitet,Prioritet satt til forvalgt verdi,354,1051,33.68
ONK,2023-03-01 00:00:00,Validitet,Prioritet satt til forvalgt verdi,82,1149,7.14
BUP,2025-08-01 00:00:00,Validitet,Prioritet satt til forvalgt verdi,464,1101,42.14
MED,2023-04-01 00:00:00,Validitet,Prioritet satt til forvalgt verdi,266,978,27.2
KIR,2022-08-01 00:00:00,Validitet,Prioritet satt til forvalgt verdi,216,1038,20.81
ONK,2023-04-01 00:00:00,Validitet,Prioritet satt til forvalgt verdi,73,1028,7.1
BUP,2023-07-01 00:00:00,Validitet,Prioritet satt til forvalgt verdi,440,1087,40.48
BUP,2022-09-01 00:00:00,Validitet,Prioritet satt til forvalgt verdi,443,1073,41.29
ONK,2024-07-01 00:00:00,Validitet,Prioritet satt til forvalgt verdi,79,1069,7.39
KIR,2023-10-01 00:00:00,Validitet,Prioritet satt til forvalgt verdi,241,1058,22.78
ONK,2025-01-01 00:00:00,Validitet,Prioritet satt til forvalgt verdi,76,1133,6.71
REH,2022-11-01 00:00:00,Validitet,Prioritet satt til forvalgt verdi,378,1015,37.24
MED,2025-01-01 00:00:00,Validitet,Prioritet satt til forvalgt verdi,288,1129,25.51
MED,2024-08-01 00:00:00,Validitet,Prioritet satt til forvalgt verdi,281,1048,26.81
TSB,2025-12-01 00:00:00,Validitet,Prioritet satt til forvalgt verdi,886,1860,47.63
ORT,2022-03-01 00:00:00,Validitet,Prioritet satt til forvalgt verdi,187,1035,18.07
ONK,2024-08-01 00:00:00,Validitet,Prioritet satt til forvalgt verdi,86,1007,8.54
BUP,2024-11-01 00:00:00,Validitet,Prioritet satt til forvalgt verdi,414,1012,40.91
ONK,2022-01-01 00:00:00,Validitet,Prioritet satt til forvalgt verdi,86,1064,8.08
MED,2025-11-01 00:00:00,Validitet,Prioritet satt til forvalgt verdi,299,1027,29.11
TSB,2022-07-01 00:00:00,Validitet,Prioritet satt til forvalgt verdi,483,1057,45.7
MED,2024-05-01 00:00:00,Validitet,Prioritet satt til forvalgt verdi,291,1042,27.93
MED,2022-01-01 00:00:00,Validitet,Prioritet satt til forvalgt verdi,275,1132,24.29
DPS,2024-01-01 00:00:00,Validitet,Prioritet satt til forvalgt verdi,342,1071,31.93
DPS,2024-03-01 00:00:00,Validitet,Prioritet satt til forvalgt verdi,353,1019,34.64
DPS,2022-02-01 00:00:00,Validitet,Prioritet satt til forvalgt verdi,361,963,37.49
MED,2022-10-01 00:00:00,Validitet,Prioritet satt til forvalgt verdi,280,1047,26.74
BUP,2024-02-01 00:00:00,Validitet,Prioritet satt til forvalgt verdi,398,978,40.7
ORT,2022-06-01 00:00:00,Validitet,Prioritet satt til forvalgt verdi,180,1004,17.93
ONK,2025-11-01 00:00:00,Validitet,Prioritet satt til forvalgt verdi,65,990,6.57
ORT,2024-06-01 00:00:00,Validitet,Prioritet satt til forvalgt verdi,182,1039,17.52
KIR,2025-07-01 00:00:00,Validitet,Prioritet satt til forvalgt verdi,237,1065,22.25
REH,2022-07-01 00:00:00,Validitet,Prioritet satt til forvalgt verdi,357,1072,33.3
DPS,2025-06-01 00:00:00,Validitet,Prioritet satt til forvalgt verdi,348,1026,33.92
TSB,2022-11-01 00:00:00,Validitet,Prioritet satt til forvalgt verdi,482,1045,46.12
ONK,2022-10-01 00:00:00,Validitet,Prioritet satt til forvalgt verdi,72,1050,6.86
REH,2025-12-01 00:00:00,Validitet,Prioritet satt til forvalgt verdi,704,1877,37.51
BUP,2023-02-01 00:00:00,Validitet,Prioritet satt til forvalgt verdi,385,979,39.33
MED,2024-07-01 00:00:00,Validitet,Prioritet satt til forvalgt verdi,315,1110,28.38
ONK,2024-05-01 00:00:00,Validitet,Prioritet satt til forvalgt verdi,77,1115,6.91
TSB,2023-06-01 00:00:00,Validitet,Prioritet satt til forvalgt verdi,469,1038,45.18
TSB,2022-12-01 00:00:00,Validitet,Prioritet satt til forvalgt verdi,846,1800,47.0
REH,2024-09-01 00:00:00,Validitet,Prioritet satt til forvalgt verdi,351,1003,35.0
KIR,2024-11-01 00:00:00,Validitet,Prioritet satt til forvalgt verdi,226,1013,22.31
DPS,2024-06-01 00:00:00,Validitet,Prioritet satt til forvalgt verdi,337,1053,32.0
KIR,2023-02-01 00:00:00,Validitet,Prioritet satt til forvalgt verdi,222,989,22.45
BUP,2023-10-01 00:00:00,Validitet,Prioritet satt til forvalgt verdi,393,1045,37.61
MED,2022-05-01 00:00:00,Validitet,Prioritet satt til forvalgt verdi,261,1041,25.07
DPS,2022-03-01 00:00:00,Validitet,Prioritet satt til forvalgt verdi,358,1083,33.06
REH,2023-01-01 00:00:00,Validitet,Prioritet satt til forvalgt verdi,375,1087,34.5
KIR,2024-02-01 00:00:00,Validitet,Prioritet satt til forvalgt verdi,242,1001,24.18
BUP,2025-07-01 00:00:00,Validitet,Prioritet satt til forvalgt verdi,433,1028,42.12
TSB,2024-09-01 00:00:00,Validitet,Prioritet satt til forvalgt verdi,476,1005,47.36
REH,2022-12-01 00:00:00,Validitet,Prioritet satt til forvalgt verdi,630,1802,34.96
TSB,2023-05-01 00:00:00,Validitet,Prioritet satt til forvalgt verdi,475,1057,44.94
ORT,2022-02-01 00:00:00,Validitet,Prioritet satt til forvalgt verdi,186,950,19.58
KIR,2023-07-01 00:00:00,Validitet,Prioritet satt til forvalgt verdi,249,1051,23.69
KIR,2022-09-01 00:00:00,Validitet,Prioritet satt til forvalgt verdi,236,1052,22.43
REH,2023-06-01 00:00:00,Validitet,Prioritet satt til forvalgt verdi,400,1043,38.35
ONK,2022-05-01 00:00:00,Validitet,Prioritet satt til forvalgt verdi,70,1071,6.54
REH,2023-05-01 00:00:00,Validitet,Prioritet satt til forvalgt verdi,358,1043,34.32
TSB,2023-01-01 00:00:00,Validitet,Prioritet satt til forvalgt verdi,486,1075,45.21
REH,2025-04-01 00:00:00,Validitet,Prioritet satt til forvalgt verdi,365,1059,34.47
ORT,2024-01-01 00:00:00,Validitet,Prioritet satt til forvalgt verdi,197,1089,18.09
TSB,2025-04-01 00:00:00,Validitet,Prioritet satt til forvalgt verdi,478,1052,45.44
ORT,2024-03-01 00:00:00,Validitet,Prioritet satt til forvalgt verdi,165,1024,16.11
BUP,2022-08-01 00:00:00,Validitet,Prioritet satt til forvalgt verdi,430,1084,39.67
ORT,2025-06-01 00:00:00,Validitet,Prioritet satt til forvalgt verdi,169,1016,16.63
DPS,2022-06-01 00:00:00,Validitet,Prioritet satt til forvalgt verdi,354,1027,34.47
MED,2023-05-01 00:00:00,Validitet,Prioritet satt til forvalgt verdi,280,1079,25.95
DPS,2023-11-01 00:00:00,Validitet,Prioritet satt til forvalgt verdi,332,1005,33.03
ONK,2022-12-01 00:00:00,Validitet,Prioritet satt til forvalgt verdi,127,1840,6.9
DPS,2025-05-01 00:00:00,Validitet,Prioritet satt til forvalgt verdi,350,1059,33.05
MED,2023-01-01 00:00:00,Validitet,Prioritet satt til forvalgt verdi,302,1084,27.86
ONK,2024-09-01 00:00:00,Validitet,Prioritet satt til forvalgt verdi,76,1072,7.09
MED,2025-04-01 00:00:00,Validitet,Prioritet satt til forvalgt verdi,261,1007,25.92
DPS,2023-08-01 00:00:00,Validitet,Prioritet satt til forvalgt verdi,365,1077,33.89
MED,2024-09-01 00:00:00,Validitet,Prioritet satt til forvalgt verdi,266,1017,26.16
TSB,2022-05-01 00:00:00,Validitet,Prioritet satt til forvalgt verdi,475,1072,44.31
ONK,2023-01-01 00:00:00,Validitet,Prioritet satt til forvalgt verdi,59,1099,5.37
KIR,2024-10-01 00:00:00,Validitet,Prioritet satt til forvalgt verdi,225,1060,21.23
ONK,2023-06-01 00:00:00,Validitet,Prioritet satt til forvalgt verdi,83,1088,7.63
DPS,2025-03-01 00:00:00,Validitet,Prioritet satt til forvalgt verdi,336,1026,32.75
MED,2023-06-01 00:00:00,Validitet,Prioritet satt til forvalgt verdi,253,967,26.16
MED,2022-12-01 00:00:00,Validitet,Prioritet satt til forvalgt verdi,496,1853,26.77
DPS,2024-12-01 00:00:00,Validitet,Prioritet satt til forvalgt verdi,565,1789,31.58
ORT,2023-09-01 00:00:00,Validitet,Prioritet satt til forvalgt verdi,165,1010,16.34
ONK,2023-05-01 00:00:00,Validitet,Prioritet satt til forvalgt verdi,77,1087,7.08
REH,2022-05-01 00:00:00,Validitet,Prioritet satt til forvalgt verdi,366,1040,35.19
DPS,2025-08-01 00:00:00,Validitet,Prioritet satt til forvalgt verdi,344,1050,32.76
ORT,2022-04-01 00:00:00,Validitet,Prioritet satt til forvalgt verdi,190,1070,17.76
ONK,2025-04-01 00:00:00,Validitet,Prioritet satt til forvalgt verdi,62,1034,6.0
BUP,2025-10-01 00:00:00,Validitet,Prioritet satt til forvalgt verdi,443,1039,42.64
ORT,2024-09-01 00:00:00,Validitet,Prioritet satt til forvalgt verdi,196,1028,19.07
ORT,2023-05-01 00:00:00,Validitet,Prioritet satt til forvalgt verdi,185,1041,17.77
DPS,2022-11-01 00:00:00,Validitet,Prioritet satt til forvalgt verdi,341,1026,33.24
REH,2025-06-01 00:00:00,Validitet,Prioritet satt til forvalgt verdi,333,1023,32.55
DPS,2022-07-01 00:00:00,Validitet,Prioritet satt til forvalgt verdi,361,1107,32.61
ORT,2025-04-01 00:00:00,Validitet,Prioritet satt til forvalgt verdi,173,1051,16.46
TSB,2024-01-01 00:00:00,Validitet,Prioritet satt til forvalgt verdi,471,1081,43.57
REH,2024-01-01 00:00:00,Validitet,Prioritet satt til forvalgt verdi,364,1040,35.0
REH,2022-02-01 00:00:00,Validitet,Prioritet satt til forvalgt verdi,323,932,34.66
MED,2022-04-01 00:00:00,Validitet,Prioritet satt til forvalgt verdi,266,1000,26.6
TSB,2022-02-01 00:00:00,Validitet,Prioritet satt til forvalgt verdi,401,933,42.98
TSB,2025-06-01 00:00:00,Validitet,Prioritet satt til forvalgt verdi,461,1003,45.96
DPS,2025-12-01 00:00:00,Validitet,Prioritet satt til forvalgt verdi,663,1963,33.77
ONK,2023-09-01 00:00:00,Validitet,Prioritet satt til forvalgt verdi,70,1018,6.88
ORT,2023-01-01 00:00:00,Validitet,Prioritet satt til forvalgt verdi,181,1039,17.42
KIR,2023-03-01 00:00:00,Validitet,Prioritet satt til forvalgt verdi,240,1098,21.86
TSB,2024-03-01 00:00:00,Validitet,Prioritet satt til forvalgt verdi,472,1057,44.65
REH,2024-03-01 00:00:00,Validitet,Prioritet satt til forvalgt verdi,350,1037,33.75
ORT,2023-06-01 00:00:00,Validitet,Prioritet satt til forvalgt verdi,168,978,17.18
ORT,2022-12-01 00:00:00,Validitet,Prioritet satt til forvalgt verdi,341,1877,18.17
ONK,2022-04-01 00:00:00,Validitet,Prioritet satt til forvalgt verdi,69,981,7.03
MED,2023-09-01 00:00:00,Validitet,Prioritet satt til forvalgt verdi,268,1036,25.87
BUP,2025-02-01 00:00:00,Validitet,Prioritet satt til forvalgt verdi,399,962,41.48
KIR,2025-05-01 00:00:00,Validitet,Prioritet satt til forvalgt verdi,255,1065,23.94
BUP,2023-09-01 00:00:00,Validitet,Prioritet satt til forvalgt verdi,450,1019,44.16
KIR,2025-08-01 00:00:00,Validitet,Prioritet satt til forvalgt verdi,247,1056,23.39
KIR,2024-12-01 00:00:00,Validitet,Prioritet satt til forvalgt verdi,423,1886,22.43
MED,2025-02-01 00:00:00,Validitet,Prioritet satt til forvalgt verdi,227,922,24.62
TSB,2025-09-01 00:00:00,Validitet,Prioritet satt til forvalgt verdi,485,1048,46.28
KIR,2023-11-01 00:00:00,Validitet,Prioritet satt til forvalgt verdi,224,1002,22.36
DPS,2024-10-01 00:00:00,Validitet,Prioritet satt til forvalgt verdi,338,1048,32.25
ONK,2025-02-01 00:00:00,Validitet,Prioritet satt til forvalgt verdi,64,913,7.01
KIR,2025-03-01 00:00:00,Validitet,Prioritet satt til forvalgt verdi,200,1012,19.76
ORT,2025-10-01 00:00:00,Validitet,Prioritet satt til forvalgt verdi,174,1039,16.75
REH,2025-09-01 00:00:00,Validitet,Prioritet satt til forvalgt verdi,364,1048,34.73
KIR,2023-08-01 00:00:00,Validitet,Prioritet satt til forvalgt verdi,217,1054,20.59
BUP,2022-04-01 00:00:00,Validitet,Prioritet satt til forvalgt verdi,460,1051,43.77
ORT,2022-05-01 00:00:00,Validitet,Prioritet satt til forvalgt verdi,191,1035,18.45
DPS,2024-08-01 00:00:00,Validitet,Prioritet satt til forvalgt verdi,347,1064,32.61
DPS,2023-04-01 00:00:00,Validitet,Prioritet satt til forvalgt verdi,347,1009,34.39
DPS,2024-07-01 00:00:00,Validitet,Prioritet satt til forvalgt verdi,369,1094,33.73
DPS,2025-11-01 00:00:00,Validitet,Prioritet satt til forvalgt verdi,348,1092,31.87
MED,2024-01-01 00:00:00,Validitet,Prioritet satt til forvalgt verdi,278,1041,26.71
REH,2023-09-01 00:00:00,Validitet,Prioritet satt til forvalgt verdi,365,1018,35.85
ONK,2024-03-01 00:00:00,Validitet,Prioritet satt til forvalgt verdi,77,1097,7.02
DPS,2022-10-01 00:00:00,Validitet,Prioritet satt til forvalgt verdi,323,1051,30.73
ONK,2024-01-01 00:00:00,Validitet,Prioritet satt til forvalgt verdi,71,1016,6.99
BUP,2025-09-01 00:00:00,Validitet,Prioritet satt til forvalgt verdi,411,1009,40.73
DPS,2025-01-01 00:00:00,Validitet,Prioritet satt til forvalgt verdi,382,1088,35.11
KIR,2023-12-01 00:00:00,Validitet,Prioritet satt til forvalgt verdi,420,1919,21.89
TSB,2023-09-01 00:00:00,Validitet,Prioritet satt til forvalgt verdi,514,1074,47.86
TSB,2022-04-01 00:00:00,Validitet,Prioritet satt til forvalgt verdi,466,1012,46.05
DPS,2022-01-01 00:00:00,Validitet,Prioritet satt til forvalgt verdi,347,1058,32.8
MED,2022-02-01 00:00:00,Validitet,Prioritet satt til forvalgt verdi,268,1028,26.07
KIR,2024-04-01 00:00:00,Validitet,Prioritet satt til forvalgt verdi,253,1016,24.9
DPS,2024-05-01 00:00:00,Validitet,Prioritet satt til forvalgt verdi,389,1119,34.76
MED,2024-03-01 00:00:00,Validitet,Prioritet satt til forvalgt verdi,251,1037,24.2
ONK,2025-06-01 00:00:00,Validitet,Prioritet satt til forvalgt verdi,74,1017,7.28
REH,2022-04-01 00:00:00,Validitet,Prioritet satt til forvalgt verdi,353,1005,35.12
MED,2025-06-01 00:00:00,Validitet,Prioritet satt til forvalgt verdi,264,1025,25.76
ONK,2022-02-01 00:00:00,Validitet,Prioritet satt til forvalgt verdi,65,969,6.71
MED,2022-08-01 00:00:00,Validitet,Prioritet satt til forvalgt verdi,249,1034,24.08
KIR,2022-01-01 00:00:00,Validitet,Prioritet satt til forvalgt verdi,254,1179,21.54
MED,2025-07-01 00:00:00,Validitet,Prioritet satt til forvalgt verdi,311,1097,28.35
MED,2023-10-01 00:00:00,Validitet,Prioritet satt til forvalgt verdi,231,1031,22.41
KIR,2022-10-01 00:00:00,Validitet,Prioritet satt til forvalgt verdi,208,1020,20.39
ONK,2025-07-01 00:00:00,Validitet,Prioritet satt til forvalgt verdi,70,1074,6.52
DPS,2023-12-01 00:00:00,Validitet,Prioritet satt til forvalgt verdi,595,1825,32.6
KIR,2025-01-01 00:00:00,Validitet,Prioritet satt til forvalgt verdi,242,1037,23.34
KIR,2024-07-01 00:00:00,Validitet,Prioritet satt til forvalgt verdi,239,1044,22.89
KIR,2025-11-01 00:00:00,Validitet,Prioritet satt til forvalgt verdi,253,1042,24.28
ONK,2023-10-01 00:00:00,Validitet,Prioritet satt til forvalgt verdi,68,1065,6.38
KIR,2024-05-01 00:00:00,Validitet,Prioritet satt til forvalgt verdi,220,1028,21.4
BUP,2022-05-01 00:00:00,Validitet,Prioritet satt til forvalgt verdi,474,1132,41.87
DPS,2024-04-01 00:00:00,Validitet,Prioritet satt til forvalgt verdi,346,1046,33.08
REH,2025-10-01 00:00:00,Validitet,Prioritet satt til forvalgt verdi,384,1070,35.89
ORT,2025-09-01 00:00:00,Validitet,Prioritet satt til forvalgt verdi,180,978,18.4
ONK,2022-08-01 00:00:00,Validitet,Prioritet satt til forvalgt verdi,85,1081,7.86
KIR,2023-04-01 00:00:00,Validitet,Prioritet satt til forvalgt verdi,231,981,23.55
TSB,2025-10-01 00:00:00,Validitet,Prioritet satt til forvalgt verdi,508,1070,47.48
KIR,2024-08-01 00:00:00,Validitet,Prioritet satt til forvalgt verdi,234,1089,21.49
BUP,2023-12-01 00:00:00,Validitet,Prioritet satt til forvalgt verdi,792,1827,43.35
REH,2025-03-01 00:00:00,Validitet,Prioritet satt til forvalgt verdi,356,1040,34.23
ORT,2022-01-01 00:00:00,Validitet,Prioritet satt til forvalgt verdi,201,1081,18.59
TSB,2023-11-01 00:00:00,Validitet,Prioritet satt til forvalgt verdi,498,1088,45.77
ORT,2025-01-01 00:00:00,Validitet,Prioritet satt til forvalgt verdi,202,1063,19.0
TSB,2025-08-01 00:00:00,Validitet,Prioritet satt til forvalgt verdi,469,1038,45.18
MED,2022-03-01 00:00:00,Validitet,Prioritet satt til forvalgt verdi,256,1037,24.69
KIR,2025-09-01 00:00:00,Validitet,Prioritet satt til forvalgt verdi,223,1057,21.1
REH,2023-11-01 00:00:00,Validitet,Prioritet satt til forvalgt verdi,373,1030,36.21
DPS,2022-05-01 00:00:00,Validitet,Prioritet satt til forvalgt verdi,387,1060,36.51
REH,2025-08-01 00:00:00,Validitet,Prioritet satt til forvalgt verdi,386,1090,35.41
ONK,2022-06-01 00:00:00,Validitet,Prioritet satt til forvalgt verdi,55,1048,5.25
REH,2023-08-01 00:00:00,Validitet,Prioritet satt til forvalgt verdi,380,1063,35.75
TSB,2024-12-01 00:00:00,Validitet,Prioritet satt til forvalgt verdi,870,1881,46.25
REH,2024-12-01 00:00:00,Validitet,Prioritet satt til forvalgt verdi,666,1903,35.0
REH,2025-05-01 00:00:00,Validitet,Prioritet satt til forvalgt verdi,371,1029,36.05
MED,2022-06-01 00:00:00,Validitet,Prioritet satt til forvalgt verdi,257,1046,24.57
TSB,2025-03-01 00:00:00,Validitet,Prioritet satt til forvalgt verdi,482,1063,45.34
ORT,2022-10-01 00:00:00,Validitet,Prioritet satt til forvalgt verdi,198,1070,18.5
ORT,2025-11-01 00:00:00,Validitet,Prioritet satt til forvalgt verdi,182,1061,17.15
ORT,2024-08-01 00:00:00,Validitet,Prioritet satt til forvalgt verdi,163,1036,15.73
TSB,2025-05-01 00:00:00,Validitet,Prioritet satt til forvalgt verdi,502,1063,47.22
ORT,2023-04-01 00:00:00,Validitet,Prioritet satt til forvalgt verdi,167,1010,16.53
ORT,2024-05-01 00:00:00,Validitet,Prioritet satt til forvalgt verdi,170,987,17.22
TSB,2023-08-01 00:00:00,Validitet,Prioritet satt til forvalgt verdi,476,1037,45.9
MED,2024-06-01 00:00:00,Validitet,Prioritet satt til forvalgt verdi,265,1053,25.17
ORT,2024-07-01 00:00:00,Validitet,Prioritet satt til forvalgt verdi,205,1076,19.05
ONK,2024-06-01 00:00:00,Validitet,Prioritet satt til forvalgt verdi,66,985,6.7
BUP,2024-04-01 00:00:00,Validitet,Prioritet satt til forvalgt verdi,432,1042,41.46
ONK,2022-03-01 00:00:00,Validitet,Prioritet satt til forvalgt verdi,94,1091,8.62
MED,2023-02-01 00:00:00,Validitet,Prioritet satt til forvalgt verdi,256,970,26.39
MED,2023-07-01 00:00:00,Validitet,Prioritet satt til forvalgt verdi,297,1078,27.55
ORT,2023-12-01 00:00:00,Validitet,Prioritet satt til forvalgt verdi,331,1870,17.7
BUP,2022-01-01 00:00:00,Validitet,Prioritet satt til forvalgt verdi,441,1085,40.65
ONK,2024-11-01 00:00:00,Validitet,Prioritet satt til forvalgt verdi,77,1025,7.51
KIR,2022-05-01 00:00:00,Validitet,Prioritet satt til forvalgt verdi,217,1052,20.63
TSB,2024-10-01 00:00:00,Validitet,Prioritet satt til forvalgt verdi,469,1032,45.45
ONK,2023-07-01 00:00:00,Validitet,Prioritet satt til forvalgt verdi,70,1037,6.75
BUP,2025-01-01 00:00:00,Validitet,Prioritet satt til forvalgt verdi,467,1120,41.7
MED,2024-11-01 00:00:00,Validitet,Prioritet satt til forvalgt verdi,265,1066,24.86
BUP,2022-10-01 00:00:00,Validitet,Prioritet satt til forvalgt verdi,438,1047,41.83
ONK,2022-09-01 00:00:00,Validitet,Prioritet satt til forvalgt verdi,85,1011,8.41
MED,2022-09-01 00:00:00,Validitet,Prioritet satt til forvalgt verdi,260,1035,25.12
BUP,2024-05-01 00:00:00,Validitet,Prioritet satt til forvalgt verdi,479,1083,44.23
ORT,2024-04-01 00:00:00,Validitet,Prioritet satt til forvalgt verdi,200,1026,19.49
ONK,2023-02-01 00:00:00,Validitet,Prioritet satt til forvalgt verdi,85,927,9.17
MED,2024-02-01 00:00:00,Validitet,Prioritet satt til forvalgt verdi,251,1051,23.88
BUP,2023-04-01 00:00:00,Validitet,Prioritet satt til forvalgt verdi,423,1025,41.27
BUP,2024-08-01 00:00:00,Validitet,Prioritet satt til forvalgt verdi,432,1038,41.62
DPS,2025-09-01 00:00:00,Validitet,Prioritet satt til forvalgt verdi,333,1007,33.07
REH,2024-10-01 00:00:00,Validitet,Prioritet satt til forvalgt verdi,351,1037,33.85
BUP,2025-11-01 00:00:00,Validitet,Prioritet satt til forvalgt verdi,432,1070,40.37
BUP,2024-07-01 00:00:00,Validitet,Prioritet satt til forvalgt verdi,450,1069,42.1
ONK,2024-02-01 00:00:00,Validitet,Prioritet satt til forvalgt verdi,69,993,6.95
BUP,2023-06-01 00:00:00,Konsistens,Enhetsnavn avviker fra kodeverk,0,1054,0.0
BUP,2025-04-01 00:00:00,Konsistens,Enhetsnavn avviker fra kodeverk,0,975,0.0
DPS,2023-03-01 00:00:00,Konsistens,Enhetsnavn avviker fra kodeverk,0,1086,0.0
ORT,2025-02-01 00:00:00,Konsistens,Enhetsnavn avviker fra kodeverk,0,903,0.0
TSB,2022-08-01 00:00:00,Konsistens,Enhetsnavn avviker fra kodeverk,0,1114,0.0
BUP,2023-01-01 00:00:00,Konsistens,Enhetsnavn avviker fra kodeverk,0,1121,0.0
KIR,2022-11-01 00:00:00,Konsistens,Enhetsnavn avviker fra kodeverk,0,1100,0.0
KIR,2025-12-01 00:00:00,Konsistens,Enhetsnavn avviker fra kodeverk,0,1830,0.0
REH,2022-08-01 00:00:00,Konsistens,Enhetsnavn avviker fra kodeverk,1041,1041,100.0
BUP,2024-09-01 00:00:00,Konsistens,Enhetsnavn avviker fra kodeverk,0,1038,0.0
REH,2025-07-01 00:00:00,Konsistens,Enhetsnavn avviker fra kodeverk,0,1020,0.0
MED,2025-10-01 00:00:00,Konsistens,Enhetsnavn avviker fra kodeverk,0,1082,0.0
BUP,2022-12-01 00:00:00,Konsistens,Enhetsnavn avviker fra kodeverk,0,1836,0.0
ONK,2025-10-01 00:00:00,Konsistens,Enhetsnavn avviker fra kodeverk,0,1036,0.0
BUP,2023-05-01 00:00:00,Konsistens,Enhetsnavn avviker fra kodeverk,0,1038,0.0
TSB,2023-10-01 00:00:00,Konsistens,Enhetsnavn avviker fra kodeverk,0,1059,0.0
KIR,2022-07-01 00:00:00,Konsistens,Enhetsnavn avviker fra kodeverk,0,1069,0.0
TSB,2025-07-01 00:00:00,Konsistens,Enhetsnavn avviker fra kodeverk,0,1033,0.0
REH,2023-10-01 00:00:00,Konsistens,Enhetsnavn avviker fra kodeverk,1022,1022,100.0
TSB,2022-01-01 00:00:00,Konsistens,Enhetsnavn avviker fra kodeverk,0,1089,0.0
TSB,2024-07-01 00:00:00,Konsistens,Enhetsnavn avviker fra kodeverk,0,1043,0.0
ORT,2024-12-01 00:00:00,Konsistens,Enhetsnavn avviker fra kodeverk,0,1859,0.0
TSB,2024-08-01 00:00:00,Konsistens,Enhetsnavn avviker fra kodeverk,0,1081,0.0
REH,2023-04-01 00:00:00,Konsistens,Enhetsnavn avviker fra kodeverk,1001,1001,100.0
REH,2022-01-01 00:00:00,Konsistens,Enhetsnavn avviker fra kodeverk,1100,1100,100.0
ORT,2023-08-01 00:00:00,Konsistens,Enhetsnavn avviker fra kodeverk,0,1076,0.0
ONK,2025-12-01 00:00:00,Konsistens,Enhetsnavn avviker fra kodeverk,0,1884,0.0
MED,2025-12-01 00:00:00,Konsistens,Enhetsnavn avviker fra kodeverk,0,1871,0.0
TSB,2022-10-01 00:00:00,Konsistens,Enhetsnavn avviker fra kodeverk,0,1053,0.0
REH,2024-05-01 00:00:00,Konsistens,Enhetsnavn avviker fra kodeverk,0,1080,0.0
TSB,2024-05-01 00:00:00,Konsistens,Enhetsnavn avviker fra kodeverk,0,1047,0.0
TSB,2025-11-01 00:00:00,Konsistens,Enhetsnavn avviker fra kodeverk,0,1047,0.0
MED,2022-07-01 00:00:00,Konsistens,Enhetsnavn avviker fra kodeverk,0,1107,0.0
REH,2024-07-01 00:00:00,Konsistens,Enhetsnavn avviker fra kodeverk,0,1046,0.0
DPS,2023-09-01 00:00:00,Konsistens,Enhetsnavn avviker fra kodeverk,0,989,0.0
ORT,2025-05-01 00:00:00,Konsistens,Enhetsnavn avviker fra kodeverk,0,1043,0.0
REH,2025-11-01 00:00:00,Konsistens,Enhetsnavn avviker fra kodeverk,0,1023,0.0
ORT,2023-11-01 00:00:00,Konsistens,Enhetsnavn avviker fra kodeverk,0,1018,0.0
ORT,2025-08-01 00:00:00,Konsistens,Enhetsnavn avviker fra kodeverk,0,1048,0.0
TSB,2025-01-01 00:00:00,Konsistens,Enhetsnavn avviker fra kodeverk,0,1038,0.0
ONK,2022-11-01 00:00:00,Konsistens,Enhetsnavn avviker fra kodeverk,0,1001,0.0
DPS,2022-04-01 00:00:00,Konsistens,Enhetsnavn avviker fra kodeverk,0,1029,0.0
REH,2024-08-01 00:00:00,Konsistens,Enhetsnavn avviker fra kodeverk,0,1051,0.0
ONK,2022-07-01 00:00:00,Konsistens,Enhetsnavn avviker fra kodeverk,0,1082,0.0
BUP,2024-10-01 00:00:00,Konsistens,Enhetsnavn avviker fra kodeverk,0,1041,0.0
ORT,2025-03-01 00:00:00,Konsistens,Enhetsnavn avviker fra kodeverk,0,1077,0.0
REH,2025-01-01 00:00:00,Konsistens,Enhetsnavn avviker fra kodeverk,0,1063,0.0
REH,2022-10-01 00:00:00,Konsistens,Enhetsnavn avviker fra kodeverk,1095,1095,100.0
KIR,2025-10-01 00:00:00,Konsistens,Enhetsnavn avviker fra kodeverk,0,1102,0.0
TSB,2023-04-01 00:00:00,Konsistens,Enhetsnavn avviker fra kodeverk,0,991,0.0
MED,2022-11-01 00:00:00,Konsistens,Enhetsnavn avviker fra kodeverk,0,1058,0.0
MED,2024-04-01 00:00:00,Konsistens,Enhetsnavn avviker fra kodeverk,0,1041,0.0
ORT,2024-02-01 00:00:00,Konsistens,Enhetsnavn avviker fra kodeverk,0,1059,0.0
KIR,2022-02-01 00:00:00,Konsistens,Enhetsnavn avviker fra kodeverk,0,946,0.0
ONK,2023-12-01 00:00:00,Konsistens,Enhetsnavn avviker fra kodeverk,0,1883,0.0
MED,2023-12-01 00:00:00,Konsistens,Enhetsnavn avviker fra kodeverk,0,1857,0.0
DPS,2025-07-01 00:00:00,Konsistens,Enhetsnavn avviker fra kodeverk,0,1061,0.0
ORT,2022-09-01 00:00:00,Konsistens,Enhetsnavn avviker fra kodeverk,0,1050,0.0
KIR,2024-01-01 00:00:00,Konsistens,Enhetsnavn avviker fra kodeverk,0,1039,0.0
ORT,2023-02-01 00:00:00,Konsistens,Enhetsnavn avviker fra kodeverk,0,980,0.0
DPS,2023-10-01 00:00:00,Konsistens,Enhetsnavn avviker fra kodeverk,0,1062,0.0
BUP,2022-06-01 00:00:00,Konsistens,Enhetsnavn avviker fra kodeverk,0,1029,0.0
ONK,2024-04-01 00:00:00,Konsistens,Enhetsnavn avviker fra kodeverk,0,1022,0.0
BUP,2022-03-01 00:00:00,Konsistens,Enhetsnavn avviker fra kodeverk,0,1036,0.0
KIR,2024-03-01 00:00:00,Konsistens,Enhetsnavn avviker fra kodeverk,0,1046,0.0
ORT,2023-07-01 00:00:00,Konsistens,Enhetsnavn avviker fra kodeverk,0,1072,0.0
TSB,2023-03-01 00:00:00,Konsistens,Enhetsnavn avviker fra kodeverk,0,1080,0.0
ORT,2024-11-01 00:00:00,Konsistens,Enhetsnavn avviker fra kodeverk,0,941,0.0
REH,2023-03-01 00:00:00,Konsistens,Enhetsnavn avviker fra kodeverk,1088,1088,100.0
DPS,2022-08-01 00:00:00,Konsistens,Enhetsnavn avviker fra kodeverk,0,1021,0.0
KIR,2025-06-01 00:00:00,Konsistens,Enhetsnavn avviker fra kodeverk,0,1048,0.0
BUP,2024-06-01 00:00:00,Konsistens,Enhetsnavn avviker fra kodeverk,0,1019,0.0
KIR,2025-04-01 00:00:00,Konsistens,Enhetsnavn avviker fra kodeverk,0,973,0.0
REH,2022-09-01 00:00:00,Konsistens,Enhetsnavn avviker fra kodeverk,1070,1070,100.0
REH,2023-07-01 00:00:00,Konsistens,Enhetsnavn avviker fra kodeverk,1088,1088,100.0
KIR,2023-05-01 00:00:00,Konsistens,Enhetsnavn avviker fra kodeverk,0,1106,0.0
KIR,2022-12-01 00:00:00,Konsistens,Enhetsnavn avviker fra kodeverk,0,1852,0.0
TSB,2024-11-01 00:00:00,Konsistens,Enhetsnavn avviker fra kodeverk,0,1068,0.0
REH,2023-02-01 00:00:00,Konsistens,Enhetsnavn avviker fra kodeverk,923,923,100.0
KIR,2023-06-01 00:00:00,Konsistens,Enhetsnavn avviker fra kodeverk,0,1072,0.0
BUP,2022-11-01 00:00:00,Konsistens,Enhetsnavn avviker fra kodeverk,0,1072,0.0
REH,2024-11-01 00:00:00,Konsistens,Enhetsnavn avviker fra kodeverk,0,1039,0.0
KIR,2024-09-01 00:00:00,Konsistens,Enhetsnavn avviker fra kodeverk,0,1054,0.0
TSB,2022-09-01 00:00:00,Konsistens,Enhetsnavn avviker fra kodeverk,0,1011,0.0
ORT,2023-03-01 00:00:00,Konsistens,Enhetsnavn avviker fra kodeverk,0,1089,0.0
TSB,2023-07-01 00:00:00,Konsistens,Enhetsnavn avviker fra kodeverk,0,1028,0.0
TSB,2024-02-01 00:00:00,Konsistens,Enhetsnavn avviker fra kodeverk,0,1029,0.0
BUP,2022-07-01 00:00:00,Konsistens,Enhetsnavn avviker fra kodeverk,0,1012,0.0
MED,2024-10-01 00:00:00,Konsistens,Enhetsnavn avviker fra kodeverk,0,1049,0.0
ONK,2024-10-01 00:00:00,Konsistens,Enhetsnavn avviker fra kodeverk,0,1080,0.0
DPS,2025-02-01 00:00:00,Konsistens,Enhetsnavn avviker fra kodeverk,0,965,0.0
BUP,2025-12-01 00:00:00,Konsistens,Enhetsnavn avviker fra kodeverk,0,1952,0.0
TSB,2023-02-01 00:00:00,Konsistens,Enhetsnavn avviker fra kodeverk,0,953,0.0
REH,2024-02-01 00:00:00,Konsistens,Enhetsnavn avviker fra kodeverk,0,980,0.0
KIR,2023-01-01 00:00:00,Konsistens,Enhetsnavn avviker fra kodeverk,0,1033,0.0
REH,2025-02-01 00:00:00,Konsistens,Enhetsnavn avviker fra kodeverk,0,867,0.0
BUP,2022-02-01 00:00:00,Konsistens,Enhetsnavn avviker fra kodeverk,0,932,0.0
ONK,2025-09-01 00:00:00,Konsistens,Enhetsnavn avviker fra kodeverk,0,1020,0.0
ORT,2022-08-01 00:00:00,Konsistens,Enhetsnavn avviker fra kodeverk,0,1040,0.0
DPS,2023-07-01 00:00:00,Konsistens,Enhetsnavn avviker fra kodeverk,0,1042,0.0
BUP,2024-03-01 00:00:00,Konsistens,Enhetsnavn avviker fra kodeverk,0,1080,0.0
BUP,2024-01-01 00:00:00,Konsistens,Enhetsnavn avviker fra kodeverk,0,1054,0.0
KIR,2022-06-01 00:00:00,Konsistens,Enhetsnavn avviker fra kodeverk,0,967,0.0
ORT,2025-07-01 00:00:00,Konsistens,Enhetsnavn avviker fra kodeverk,0,997,0.0
MED,2025-09-01 00:00:00,Konsistens,Enhetsnavn avviker fra kodeverk,0,1036,0.0
DPS,2022-09-01 00:00:00,Konsistens,Enhetsnavn avviker fra kodeverk,0,1062,0.0
TSB,2025-02-01 00:00:00,Konsistens,Enhetsnavn avviker fra kodeverk,0,957,0.0
BUP,2025-06-01 00:00:00,Konsistens,Enhetsnavn avviker fra kodeverk,0,1042,0.0
KIR,2022-03-01 00:00:00,Konsistens,Enhetsnavn avviker fra kodeverk,0,1065,0.0
DPS,2023-02-01 00:00:00,Konsistens,Enhetsnavn avviker fra kodeverk,0,929,0.0
DPS,2024-02-01 00:00:00,Konsistens,Enhetsnavn avviker fra kodeverk,0,973,0.0
ORT,2023-10-01 00:00:00,Konsistens,Enhetsnavn avviker fra kodeverk,0,1127,0.0
KIR,2024-06-01 00:00:00,Konsistens,Enhetsnavn avviker fra kodeverk,0,1062,0.0
DPS,2024-11-01 00:00:00,Konsistens,Enhetsnavn avviker fra kodeverk,0,1058,0.0
ONK,2025-03-01 00:00:00,Konsistens,Enhetsnavn avviker fra kodeverk,0,1057,0.0
MED,2025-03-01 00:00:00,Konsistens,Enhetsnavn avviker fra kodeverk,0,1060,0.0
ONK,2025-08-01 00:00:00,Konsistens,Enhetsnavn avviker fra kodeverk,0,1066,0.0
KIR,2025-02-01 00:00:00,Konsistens,Enhetsnavn avviker fra kodeverk,0,937,0.0
DPS,2022-12-01 00:00:00,Konsistens,Enhetsnavn avviker fra kodeverk,0,1876,0.0
DPS,2023-06-01 00:00:00,Konsistens,Enhetsnavn avviker fra kodeverk,0,1052,0.0
MED,2023-08-01 00:00:00,Konsistens,Enhetsnavn avviker fra kodeverk,0,1072,0.0
DPS,2024-09-01 00:00:00,Konsistens,Enhetsnavn avviker fra kodeverk,0,1047,0.0
TSB,2022-03-01 00:00:00,Konsistens,Enhetsnavn avviker fra kodeverk,0,978,0.0
MED,2024-12-01 00:00:00,Konsistens,Enhetsnavn avviker fra kodeverk,0,1965,0.0
TSB,2022-06-01 00:00:00,Konsistens,Enhetsnavn avviker fra kodeverk,0,1003,0.0
DPS,2023-05-01 00:00:00,Konsistens,Enhetsnavn avviker fra kodeverk,0,1074,0.0
DPS,2025-04-01 00:00:00,Konsistens,Enhetsnavn avviker fra kodeverk,0,1089,0.0
ORT,2022-07-01 00:00:00,Konsistens,Enhetsnavn avviker fra kodeverk,0,1099,0.0
ONK,2023-08-01 00:00:00,Konsistens,Enhetsnavn avviker fra kodeverk,0,1120,0.0
TSB,2024-06-01 00:00:00,Konsistens,Enhetsnavn avviker fra kodeverk,0,1017,0.0
MED,2025-08-01 00:00:00,Konsistens,Enhetsnavn avviker fra kodeverk,0,1079,0.0
ORT,2022-11-01 00:00:00,Konsistens,Enhetsnavn avviker fra kodeverk,0,1031,0.0
ONK,2025-05-01 00:00:00,Konsistens,Enhetsnavn avviker fra kodeverk,0,1111,0.0
MED,2023-11-01 00:00:00,Konsistens,Enhetsnavn avviker fra kodeverk,0,1012,0.0
REH,2024-06-01 00:00:00,Konsistens,Enhetsnavn avviker fra kodeverk,0,1017,0.0
REH,2022-06-01 00:00:00,Konsistens,Enhetsnavn avviker fra kodeverk,971,971,100.0
REH,2022-03-01 00:00:00,Konsistens,Enhetsnavn avviker fra kodeverk,1055,1055,100.0
ONK,2024-12-01 00:00:00,Konsistens,Enhetsnavn avviker fra kodeverk,0,1938,0.0
BUP,2023-03-01 00:00:00,Konsistens,Enhetsnavn avviker fra kodeverk,0,1058,0.0
MED,2025-05-01 00:00:00,Konsistens,Enhetsnavn avviker fra kodeverk,0,1023,0.0
DPS,2023-01-01 00:00:00,Konsistens,Enhetsnavn avviker fra kodeverk,0,1093,0.0
ORT,2025-12-01 00:00:00,Konsistens,Enhetsnavn avviker fra kodeverk,0,1856,0.0
ONK,2023-11-01 00:00:00,Konsistens,Enhetsnavn avviker fra kodeverk,0,1043,0.0
REH,2023-12-01 00:00:00,Konsistens,Enhetsnavn avviker fra kodeverk,1885,1885,100.0
REH,2024-04-01 00:00:00,Konsistens,Enhetsnavn avviker fra kodeverk,0,1020,0.0
BUP,2023-11-01 00:00:00,Konsistens,Enhetsnavn avviker fra kodeverk,0,1038,0.0
BUP,2025-03-01 00:00:00,Konsistens,Enhetsnavn avviker fra kodeverk,0,1067,0.0
BUP,2024-12-01 00:00:00,Konsistens,Enhetsnavn avviker fra kodeverk,0,1839,0.0
KIR,2022-04-01 00:00:00,Konsistens,Enhetsnavn avviker fra kodeverk,0,981,0.0
KIR,2023-09-01 00:00:00,Konsistens,Enhetsnavn avviker fra kodeverk,0,995,0.0
MED,2023-03-01 00:00:00,Konsistens,Enhetsnavn avviker fra kodeverk,0,1045,0.0
TSB,2023-12-01 00:00:00,Konsistens,Enhetsnavn avviker fra kodeverk,0,1882,0.0
BUP,2023-08-01 00:00:00,Konsistens,Enhetsnavn avviker fra kodeverk,0,1088,0.0
BUP,2025-05-01 00:00:00,Konsistens,Enhetsnavn avviker fra kodeverk,0,1094,0.0
ORT,2024-10-01 00:00:00,Konsistens,Enhetsnavn avviker fra kodeverk,0,1089,0.0
TSB,2024-04-01 00:00:00,Konsistens,Enhetsnavn avviker fra kodeverk,0,1037,0.0
DPS,2025-10-01 00:00:00,Konsistens,Enhetsnavn avviker fra kodeverk,0,1051,0.0
ONK,2023-03-01 00:00:00,Konsistens,Enhetsnavn avviker fra kodeverk,0,1149,0.0
BUP,2025-08-01 00:00:00,Konsistens,Enhetsnavn avviker fra kodeverk,0,1101,0.0
MED,2023-04-01 00:00:00,Konsistens,Enhetsnavn avviker fra kodeverk,0,978,0.0
KIR,2022-08-01 00:00:00,Konsistens,Enhetsnavn avviker fra kodeverk,0,1038,0.0
ONK,2023-04-01 00:00:00,Konsistens,Enhetsnavn avviker fra kodeverk,0,1028,0.0
BUP,2023-07-01 00:00:00,Konsistens,Enhetsnavn avviker fra kodeverk,0,1087,0.0
BUP,2022-09-01 00:00:00,Konsistens,Enhetsnavn avviker fra kodeverk,0,1073,0.0
ONK,2024-07-01 00:00:00,Konsistens,Enhetsnavn avviker fra kodeverk,0,1069,0.0
KIR,2023-10-01 00:00:00,Konsistens,Enhetsnavn avviker fra kodeverk,0,1058,0.0
ONK,2025-01-01 00:00:00,Konsistens,Enhetsnavn avviker fra kodeverk,0,1133,0.0
REH,2022-11-01 00:00:00,Konsistens,Enhetsnavn avviker fra kodeverk,1015,1015,100.0
MED,2025-01-01 00:00:00,Konsistens,Enhetsnavn avviker fra kodeverk,0,1129,0.0
MED,2024-08-01 00:00:00,Konsistens,Enhetsnavn avviker fra kodeverk,0,1048,0.0
TSB,2025-12-01 00:00:00,Konsistens,Enhetsnavn avviker fra kodeverk,0,1860,0.0
ORT,2022-03-01 00:00:00,Konsistens,Enhetsnavn avviker fra kodeverk,0,1035,0.0
ONK,2024-08-01 00:00:00,Konsistens,Enhetsnavn avviker fra kodeverk,0,1007,0.0
BUP,2024-11-01 00:00:00,Konsistens,Enhetsnavn avviker fra kodeverk,0,1012,0.0
ONK,2022-01-01 00:00:00,Konsistens,Enhetsnavn avviker fra kodeverk,0,1064,0.0
MED,2025-11-01 00:00:00,Konsistens,Enhetsnavn avviker fra kodeverk,0,1027,0.0
TSB,2022-07-01 00:00:00,Konsistens,Enhetsnavn avviker fra kodeverk,0,1057,0.0
MED,2024-05-01 00:00:00,Konsistens,Enhetsnavn avviker fra kodeverk,0,1042,0.0
MED,2022-01-01 00:00:00,Konsistens,Enhetsnavn avviker fra kodeverk,0,1132,0.0
DPS,2024-01-01 00:00:00,Konsistens,Enhetsnavn avviker fra kodeverk,0,1071,0.0
DPS,2024-03-01 00:00:00,Konsistens,Enhetsnavn avviker fra kodeverk,0,1019,0.0
DPS,2022-02-01 00:00:00,Konsistens,Enhetsnavn avviker fra kodeverk,0,963,0.0
MED,2022-10-01 00:00:00,Konsistens,Enhetsnavn avviker fra kodeverk,0,1047,0.0
BUP,2024-02-01 00:00:00,Konsistens,Enhetsnavn avviker fra kodeverk,0,978,0.0
ORT,2022-06-01 00:00:00,Konsistens,Enhetsnavn avviker fra kodeverk,0,1004,0.0
ONK,2025-11-01 00:00:00,Konsistens,Enhetsnavn avviker fra kodeverk,0,990,0.0
ORT,2024-06-01 00:00:00,Konsistens,Enhetsnavn avviker fra kodeverk,0,1039,0.0
KIR,2025-07-01 00:00:00,Konsistens,Enhetsnavn avviker fra kodeverk,0,1065,0.0
REH,2022-07-01 00:00:00,Konsistens,Enhetsnavn avviker fra kodeverk,1072,1072,100.0
DPS,2025-06-01 00:00:00,Konsistens,Enhetsnavn avviker fra kodeverk,0,1026,0.0
TSB,2022-11-01 00:00:00,Konsistens,Enhetsnavn avviker fra kodeverk,0,1045,0.0
ONK,2022-10-01 00:00:00,Konsistens,Enhetsnavn avviker fra kodeverk,0,1050,0.0
REH,2025-12-01 00:00:00,Konsistens,Enhetsnavn avviker fra kodeverk,0,1877,0.0
BUP,2023-02-01 00:00:00,Konsistens,Enhetsnavn avviker fra kodeverk,0,979,0.0
MED,2024-07-01 00:00:00,Konsistens,Enhetsnavn avviker fra kodeverk,0,1110,0.0
ONK,2024-05-01 00:00:00,Konsistens,Enhetsnavn avviker fra kodeverk,0,1115,0.0
TSB,2023-06-01 00:00:00,Konsistens,Enhetsnavn avviker fra kodeverk,0,1038,0.0
TSB,2022-12-01 00:00:00,Konsistens,Enhetsnavn avviker fra kodeverk,0,1800,0.0
REH,2024-09-01 00:00:00,Konsistens,Enhetsnavn avviker fra kodeverk,0,1003,0.0
KIR,2024-11-01 00:00:00,Konsistens,Enhetsnavn avviker fra kodeverk,0,1013,0.0
DPS,2024-06-01 00:00:00,Konsistens,Enhetsnavn avviker fra kodeverk,0,1053,0.0
KIR,2023-02-01 00:00:00,Konsistens,Enhetsnavn avviker fra kodeverk,0,989,0.0
BUP,2023-10-01 00:00:00,Konsistens,Enhetsnavn avviker fra kodeverk,0,1045,0.0
MED,2022-05-01 00:00:00,Konsistens,Enhetsnavn avviker fra kodeverk,0,1041,0.0
DPS,2022-03-01 00:00:00,Konsistens,Enhetsnavn avviker fra kodeverk,0,1083,0.0
REH,2023-01-01 00:00:00,Konsistens,Enhetsnavn avviker fra kodeverk,1087,1087,100.0
KIR,2024-02-01 00:00:00,Konsistens,Enhetsnavn avviker fra kodeverk,0,1001,0.0
BUP,2025-07-01 00:00:00,Konsistens,Enhetsnavn avviker fra kodeverk,0,1028,0.0
TSB,2024-09-01 00:00:00,Konsistens,Enhetsnavn avviker fra kodeverk,0,1005,0.0
REH,2022-12-01 00:00:00,Konsistens,Enhetsnavn avviker fra kodeverk,1802,1802,100.0
TSB,2023-05-01 00:00:00,Konsistens,Enhetsnavn avviker fra kodeverk,0,1057,0.0
ORT,2022-02-01 00:00:00,Konsistens,Enhetsnavn avviker fra kodeverk,0,950,0.0
KIR,2023-07-01 00:00:00,Konsistens,Enhetsnavn avviker fra kodeverk,0,1051,0.0
KIR,2022-09-01 00:00:00,Konsistens,Enhetsnavn avviker fra kodeverk,0,1052,0.0
REH,2023-06-01 00:00:00,Konsistens,Enhetsnavn avviker fra kodeverk,1043,1043,100.0
ONK,2022-05-01 00:00:00,Konsistens,Enhetsnavn avviker fra kodeverk,0,1071,0.0
REH,2023-05-01 00:00:00,Konsistens,Enhetsnavn avviker fra kodeverk,1043,1043,100.0
TSB,2023-01-01 00:00:00,Konsistens,Enhetsnavn avviker fra kodeverk,0,1075,0.0
REH,2025-04-01 00:00:00,Konsistens,Enhetsnavn avviker fra kodeverk,0,1059,0.0
ORT,2024-01-01 00:00:00,Konsistens,Enhetsnavn avviker fra kodeverk,0,1089,0.0
TSB,2025-04-01 00:00:00,Konsistens,Enhetsnavn avviker fra kodeverk,0,1052,0.0
ORT,2024-03-01 00:00:00,Konsistens,Enhetsnavn avviker fra kodeverk,0,1024,0.0
BUP,2022-08-01 00:00:00,Konsistens,Enhetsnavn avviker fra kodeverk,0,1084,0.0
ORT,2025-06-01 00:00:00,Konsistens,Enhetsnavn avviker fra kodeverk,0,1016,0.0
DPS,2022-06-01 00:00:00,Konsistens,Enhetsnavn avviker fra kodeverk,0,1027,0.0
MED,2023-05-01 00:00:00,Konsistens,Enhetsnavn avviker fra kodeverk,0,1079,0.0
DPS,2023-11-01 00:00:00,Konsistens,Enhetsnavn avviker fra kodeverk,0,1005,0.0
ONK,2022-12-01 00:00:00,Konsistens,Enhetsnavn avviker fra kodeverk,0,1840,0.0
DPS,2025-05-01 00:00:00,Konsistens,Enhetsnavn avviker fra kodeverk,0,1059,0.0
MED,2023-01-01 00:00:00,Konsistens,Enhetsnavn avviker fra kodeverk,0,1084,0.0
ONK,2024-09-01 00:00:00,Konsistens,Enhetsnavn avviker fra kodeverk,0,1072,0.0
MED,2025-04-01 00:00:00,Konsistens,Enhetsnavn avviker fra kodeverk,0,1007,0.0
DPS,2023-08-01 00:00:00,Konsistens,Enhetsnavn avviker fra kodeverk,0,1077,0.0
MED,2024-09-01 00:00:00,Konsistens,Enhetsnavn avviker fra kodeverk,0,1017,0.0
TSB,2022-05-01 00:00:00,Konsistens,Enhetsnavn avviker fra kodeverk,0,1072,0.0
ONK,2023-01-01 00:00:00,Konsistens,Enhetsnavn avviker fra kodeverk,0,1099,0.0
KIR,2024-10-01 00:00:00,Konsistens,Enhetsnavn avviker fra kodeverk,0,1060,0.0
ONK,2023-06-01 00:00:00,Konsistens,Enhetsnavn avviker fra kodeverk,0,1088,0.0
DPS,2025-03-01 00:00:00,Konsistens,Enhetsnavn avviker fra kodeverk,0,1026,0.0
MED,2023-06-01 00:00:00,Konsistens,Enhetsnavn avviker fra kodeverk,0,967,0.0
MED,2022-12-01 00:00:00,Konsistens,Enhetsnavn avviker fra kodeverk,0,1853,0.0
DPS,2024-12-01 00:00:00,Konsistens,Enhetsnavn avviker fra kodeverk,0,1789,0.0
ORT,2023-09-01 00:00:00,Konsistens,Enhetsnavn avviker fra kodeverk,0,1010,0.0
ONK,2023-05-01 00:00:00,Konsistens,Enhetsnavn avviker fra kodeverk,0,1087,0.0
REH,2022-05-01 00:00:00,Konsistens,Enhetsnavn avviker fra kodeverk,1040,1040,100.0
DPS,2025-08-01 00:00:00,Konsistens,Enhetsnavn avviker fra kodeverk,0,1050,0.0
ORT,2022-04-01 00:00:00,Konsistens,Enhetsnavn avviker fra kodeverk,0,1070,0.0
ONK,2025-04-01 00:00:00,Konsistens,Enhetsnavn avviker fra kodeverk,0,1034,0.0
BUP,2025-10-01 00:00:00,Konsistens,Enhetsnavn avviker fra kodeverk,0,1039,0.0
ORT,2024-09-01 00:00:00,Konsistens,Enhetsnavn avviker fra kodeverk,0,1028,0.0
ORT,2023-05-01 00:00:00,Konsistens,Enhetsnavn avviker fra kodeverk,0,1041,0.0
DPS,2022-11-01 00:00:00,Konsistens,Enhetsnavn avviker fra kodeverk,0,1026,0.0
REH,2025-06-01 00:00:00,Konsistens,Enhetsnavn avviker fra kodeverk,0,1023,0.0
DPS,2022-07-01 00:00:00,Konsistens,Enhetsnavn avviker fra kodeverk,0,1107,0.0
ORT,2025-04-01 00:00:00,Konsistens,Enhetsnavn avviker fra kodeverk,0,1051,0.0
TSB,2024-01-01 00:00:00,Konsistens,Enhetsnavn avviker fra kodeverk,0,1081,0.0
REH,2024-01-01 00:00:00,Konsistens,Enhetsnavn avviker fra kodeverk,0,1040,0.0
REH,2022-02-01 00:00:00,Konsistens,Enhetsnavn avviker fra kodeverk,932,932,100.0
MED,2022-04-01 00:00:00,Konsistens,Enhetsnavn avviker fra kodeverk,0,1000,0.0
TSB,2022-02-01 00:00:00,Konsistens,Enhetsnavn avviker fra kodeverk,0,933,0.0
TSB,2025-06-01 00:00:00,Konsistens,Enhetsnavn avviker fra kodeverk,0,1003,0.0
DPS,2025-12-01 00:00:00,Konsistens,Enhetsnavn avviker fra kodeverk,0,1963,0.0
ONK,2023-09-01 00:00:00,Konsistens,Enhetsnavn avviker fra kodeverk,0,1018,0.0
ORT,2023-01-01 00:00:00,Konsistens,Enhetsnavn avviker fra kodeverk,0,1039,0.0
KIR,2023-03-01 00:00:00,Konsistens,Enhetsnavn avviker fra kodeverk,0,1098,0.0
TSB,2024-03-01 00:00:00,Konsistens,Enhetsnavn avviker fra kodeverk,0,1057,0.0
REH,2024-03-01 00:00:00,Konsistens,Enhetsnavn avviker fra kodeverk,0,1037,0.0
ORT,2023-06-01 00:00:00,Konsistens,Enhetsnavn avviker fra kodeverk,0,978,0.0
ORT,2022-12-01 00:00:00,Konsistens,Enhetsnavn avviker fra kodeverk,0,1877,0.0
ONK,2022-04-01 00:00:00,Konsistens,Enhetsnavn avviker fra kodeverk,0,981,0.0
MED,2023-09-01 00:00:00,Konsistens,Enhetsnavn avviker fra kodeverk,0,1036,0.0
BUP,2025-02-01 00:00:00,Konsistens,Enhetsnavn avviker fra kodeverk,0,962,0.0
KIR,2025-05-01 00:00:00,Konsistens,Enhetsnavn avviker fra kodeverk,0,1065,0.0
BUP,2023-09-01 00:00:00,Konsistens,Enhetsnavn avviker fra kodeverk,0,1019,0.0
KIR,2025-08-01 00:00:00,Konsistens,Enhetsnavn avviker fra kodeverk,0,1056,0.0
KIR,2024-12-01 00:00:00,Konsistens,Enhetsnavn avviker fra kodeverk,0,1886,0.0
MED,2025-02-01 00:00:00,Konsistens,Enhetsnavn avviker fra kodeverk,0,922,0.0
TSB,2025-09-01 00:00:00,Konsistens,Enhetsnavn avviker fra kodeverk,0,1048,0.0
KIR,2023-11-01 00:00:00,Konsistens,Enhetsnavn avviker fra kodeverk,0,1002,0.0
DPS,2024-10-01 00:00:00,Konsistens,Enhetsnavn avviker fra kodeverk,0,1048,0.0
ONK,2025-02-01 00:00:00,Konsistens,Enhetsnavn avviker fra kodeverk,0,913,0.0
KIR,2025-03-01 00:00:00,Konsistens,Enhetsnavn avviker fra kodeverk,0,1012,0.0
ORT,2025-10-01 00:00:00,Konsistens,Enhetsnavn avviker fra kodeverk,0,1039,0.0
REH,2025-09-01 00:00:00,Konsistens,Enhetsnavn avviker fra kodeverk,0,1048,0.0
KIR,2023-08-01 00:00:00,Konsistens,Enhetsnavn avviker fra kodeverk,0,1054,0.0
BUP,2022-04-01 00:00:00,Konsistens,Enhetsnavn avviker fra kodeverk,0,1051,0.0
ORT,2022-05-01 00:00:00,Konsistens,Enhetsnavn avviker fra kodeverk,0,1035,0.0
DPS,2024-08-01 00:00:00,Konsistens,Enhetsnavn avviker fra kodeverk,0,1064,0.0
DPS,2023-04-01 00:00:00,Konsistens,Enhetsnavn avviker fra kodeverk,0,1009,0.0
DPS,2024-07-01 00:00:00,Konsistens,Enhetsnavn avviker fra kodeverk,0,1094,0.0
DPS,2025-11-01 00:00:00,Konsistens,Enhetsnavn avviker fra kodeverk,0,1092,0.0
MED,2024-01-01 00:00:00,Konsistens,Enhetsnavn avviker fra kodeverk,0,1041,0.0
REH,2023-09-01 00:00:00,Konsistens,Enhetsnavn avviker fra kodeverk,1018,1018,100.0
ONK,2024-03-01 00:00:00,Konsistens,Enhetsnavn avviker fra kodeverk,0,1097,0.0
DPS,2022-10-01 00:00:00,Konsistens,Enhetsnavn avviker fra kodeverk,0,1051,0.0
ONK,2024-01-01 00:00:00,Konsistens,Enhetsnavn avviker fra kodeverk,0,1016,0.0
BUP,2025-09-01 00:00:00,Konsistens,Enhetsnavn avviker fra kodeverk,0,1009,0.0
DPS,2025-01-01 00:00:00,Konsistens,Enhetsnavn avviker fra kodeverk,0,1088,0.0
KIR,2023-12-01 00:00:00,Konsistens,Enhetsnavn avviker fra kodeverk,0,1919,0.0
TSB,2023-09-01 00:00:00,Konsistens,Enhetsnavn avviker fra kodeverk,0,1074,0.0
TSB,2022-04-01 00:00:00,Konsistens,Enhetsnavn avviker fra kodeverk,0,1012,0.0
DPS,2022-01-01 00:00:00,Konsistens,Enhetsnavn avviker fra kodeverk,0,1058,0.0
MED,2022-02-01 00:00:00,Konsistens,Enhetsnavn avviker fra kodeverk,0,1028,0.0
KIR,2024-04-01 00:00:00,Konsistens,Enhetsnavn avviker fra kodeverk,0,1016,0.0
DPS,2024-05-01 00:00:00,Konsistens,Enhetsnavn avviker fra kodeverk,0,1119,0.0
MED,2024-03-01 00:00:00,Konsistens,Enhetsnavn avviker fra kodeverk,0,1037,0.0
ONK,2025-06-01 00:00:00,Konsistens,Enhetsnavn avviker fra kodeverk,0,1017,0.0
REH,2022-04-01 00:00:00,Konsistens,Enhetsnavn avviker fra kodeverk,1005,1005,100.0
MED,2025-06-01 00:00:00,Konsistens,Enhetsnavn avviker fra kodeverk,0,1025,0.0
ONK,2022-02-01 00:00:00,Konsistens,Enhetsnavn avviker fra kodeverk,0,969,0.0
MED,2022-08-01 00:00:00,Konsistens,Enhetsnavn avviker fra kodeverk,0,1034,0.0
KIR,2022-01-01 00:00:00,Konsistens,Enhetsnavn avviker fra kodeverk,0,1179,0.0
MED,2025-07-01 00:00:00,Konsistens,Enhetsnavn avviker fra kodeverk,0,1097,0.0
MED,2023-10-01 00:00:00,Konsistens,Enhetsnavn avviker fra kodeverk,0,1031,0.0
KIR,2022-10-01 00:00:00,Konsistens,Enhetsnavn avviker fra kodeverk,0,1020,0.0
ONK,2025-07-01 00:00:00,Konsistens,Enhetsnavn avviker fra kodeverk,0,1074,0.0
DPS,2023-12-01 00:00:00,Konsistens,Enhetsnavn avviker fra kodeverk,0,1825,0.0
KIR,2025-01-01 00:00:00,Konsistens,Enhetsnavn avviker fra kodeverk,0,1037,0.0
KIR,2024-07-01 00:00:00,Konsistens,Enhetsnavn avviker fra kodeverk,0,1044,0.0
KIR,2025-11-01 00:00:00,Konsistens,Enhetsnavn avviker fra kodeverk,0,1042,0.0
ONK,2023-10-01 00:00:00,Konsistens,Enhetsnavn avviker fra kodeverk,0,1065,0.0
KIR,2024-05-01 00:00:00,Konsistens,Enhetsnavn avviker fra kodeverk,0,1028,0.0
BUP,2022-05-01 00:00:00,Konsistens,Enhetsnavn avviker fra kodeverk,0,1132,0.0
DPS,2024-04-01 00:00:00,Konsistens,Enhetsnavn avviker fra kodeverk,0,1046,0.0
REH,2025-10-01 00:00:00,Konsistens,Enhetsnavn avviker fra kodeverk,0,1070,0.0
ORT,2025-09-01 00:00:00,Konsistens,Enhetsnavn avviker fra kodeverk,0,978,0.0
ONK,2022-08-01 00:00:00,Konsistens,Enhetsnavn avviker fra kodeverk,0,1081,0.0
KIR,2023-04-01 00:00:00,Konsistens,Enhetsnavn avviker fra kodeverk,0,981,0.0
TSB,2025-10-01 00:00:00,Konsistens,Enhetsnavn avviker fra kodeverk,0,1070,0.0
KIR,2024-08-01 00:00:00,Konsistens,Enhetsnavn avviker fra kodeverk,0,1089,0.0
BUP,2023-12-01 00:00:00,Konsistens,Enhetsnavn avviker fra kodeverk,0,1827,0.0
REH,2025-03-01 00:00:00,Konsistens,Enhetsnavn avviker fra kodeverk,0,1040,0.0
ORT,2022-01-01 00:00:00,Konsistens,Enhetsnavn avviker fra kodeverk,0,1081,0.0
TSB,2023-11-01 00:00:00,Konsistens,Enhetsnavn avviker fra kodeverk,0,1088,0.0
ORT,2025-01-01 00:00:00,Konsistens,Enhetsnavn avviker fra kodeverk,0,1063,0.0
TSB,2025-08-01 00:00:00,Konsistens,Enhetsnavn avviker fra kodeverk,0,1038,0.0
MED,2022-03-01 00:00:00,Konsistens,Enhetsnavn avviker fra kodeverk,0,1037,0.0
KIR,2025-09-01 00:00:00,Konsistens,Enhetsnavn avviker fra kodeverk,0,1057,0.0
REH,2023-11-01 00:00:00,Konsistens,Enhetsnavn avviker fra kodeverk,1030,1030,100.0
DPS,2022-05-01 00:00:00,Konsistens,Enhetsnavn avviker fra kodeverk,0,1060,0.0
REH,2025-08-01 00:00:00,Konsistens,Enhetsnavn avviker fra kodeverk,0,1090,0.0
ONK,2022-06-01 00:00:00,Konsistens,Enhetsnavn avviker fra kodeverk,0,1048,0.0
REH,2023-08-01 00:00:00,Konsistens,Enhetsnavn avviker fra kodeverk,1063,1063,100.0
TSB,2024-12-01 00:00:00,Konsistens,Enhetsnavn avviker fra kodeverk,0,1881,0.0
REH,2024-12-01 00:00:00,Konsistens,Enhetsnavn avviker fra kodeverk,0,1903,0.0
REH,2025-05-01 00:00:00,Konsistens,Enhetsnavn avviker fra kodeverk,0,1029,0.0
MED,2022-06-01 00:00:00,Konsistens,Enhetsnavn avviker fra kodeverk,0,1046,0.0
TSB,2025-03-01 00:00:00,Konsistens,Enhetsnavn avviker fra kodeverk,0,1063,0.0
ORT,2022-10-01 00:00:00,Konsistens,Enhetsnavn avviker fra kodeverk,0,1070,0.0
ORT,2025-11-01 00:00:00,Konsistens,Enhetsnavn avviker fra kodeverk,0,1061,0.0
ORT,2024-08-01 00:00:00,Konsistens,Enhetsnavn avviker fra kodeverk,0,1036,0.0
TSB,2025-05-01 00:00:00,Konsistens,Enhetsnavn avviker fra kodeverk,0,1063,0.0
ORT,2023-04-01 00:00:00,Konsistens,Enhetsnavn avviker fra kodeverk,0,1010,0.0
ORT,2024-05-01 00:00:00,Konsistens,Enhetsnavn avviker fra kodeverk,0,987,0.0
TSB,2023-08-01 00:00:00,Konsistens,Enhetsnavn avviker fra kodeverk,0,1037,0.0
MED,2024-06-01 00:00:00,Konsistens,Enhetsnavn avviker fra kodeverk,0,1053,0.0
ORT,2024-07-01 00:00:00,Konsistens,Enhetsnavn avviker fra kodeverk,0,1076,0.0
ONK,2024-06-01 00:00:00,Konsistens,Enhetsnavn avviker fra kodeverk,0,985,0.0
BUP,2024-04-01 00:00:00,Konsistens,Enhetsnavn avviker fra kodeverk,0,1042,0.0
ONK,2022-03-01 00:00:00,Konsistens,Enhetsnavn avviker fra kodeverk,0,1091,0.0
MED,2023-02-01 00:00:00,Konsistens,Enhetsnavn avviker fra kodeverk,0,970,0.0
MED,2023-07-01 00:00:00,Konsistens,Enhetsnavn avviker fra kodeverk,0,1078,0.0
ORT,2023-12-01 00:00:00,Konsistens,Enhetsnavn avviker fra kodeverk,0,1870,0.0
BUP,2022-01-01 00:00:00,Konsistens,Enhetsnavn avviker fra kodeverk,0,1085,0.0
ONK,2024-11-01 00:00:00,Konsistens,Enhetsnavn avviker fra kodeverk,0,1025,0.0
KIR,2022-05-01 00:00:00,Konsistens,Enhetsnavn avviker fra kodeverk,0,1052,0.0
TSB,2024-10-01 00:00:00,Konsistens,Enhetsnavn avviker fra kodeverk,0,1032,0.0
ONK,2023-07-01 00:00:00,Konsistens,Enhetsnavn avviker fra kodeverk,0,1037,0.0
BUP,2025-01-01 00:00:00,Konsistens,Enhetsnavn avviker fra kodeverk,0,1120,0.0
MED,2024-11-01 00:00:00,Konsistens,Enhetsnavn avviker fra kodeverk,0,1066,0.0
BUP,2022-10-01 00:00:00,Konsistens,Enhetsnavn avviker fra kodeverk,0,1047,0.0
ONK,2022-09-01 00:00:00,Konsistens,Enhetsnavn avviker fra kodeverk,0,1011,0.0
MED,2022-09-01 00:00:00,Konsistens,Enhetsnavn avviker fra kodeverk,0,1035,0.0
BUP,2024-05-01 00:00:00,Konsistens,Enhetsnavn avviker fra kodeverk,0,1083,0.0
ORT,2024-04-01 00:00:00,Konsistens,Enhetsnavn avviker fra kodeverk,0,1026,0.0
ONK,2023-02-01 00:00:00,Konsistens,Enhetsnavn avviker fra kodeverk,0,927,0.0
MED,2024-02-01 00:00:00,Konsistens,Enhetsnavn avviker fra kodeverk,0,1051,0.0
BUP,2023-04-01 00:00:00,Konsistens,Enhetsnavn avviker fra kodeverk,0,1025,0.0
BUP,2024-08-01 00:00:00,Konsistens,Enhetsnavn avviker fra kodeverk,0,1038,0.0
DPS,2025-09-01 00:00:00,Konsistens,Enhetsnavn avviker fra kodeverk,0,1007,0.0
REH,2024-10-01 00:00:00,Konsistens,Enhetsnavn avviker fra kodeverk,0,1037,0.0
BUP,2025-11-01 00:00:00,Konsistens,Enhetsnavn avviker fra kodeverk,0,1070,0.0
BUP,2024-07-01 00:00:00,Konsistens,Enhetsnavn avviker fra kodeverk,0,1069,0.0
ONK,2024-02-01 00:00:00,Konsistens,Enhetsnavn avviker fra kodeverk,0,993,0.0
BUP,2023-06-01 00:00:00,Unikhet,Duplikat ved overføring mellom enheter,19,1054,1.8
BUP,2025-04-01 00:00:00,Unikhet,Duplikat ved overføring mellom enheter,21,975,2.15
DPS,2023-03-01 00:00:00,Unikhet,Duplikat ved overføring mellom enheter,18,1086,1.66
ORT,2025-02-01 00:00:00,Unikhet,Duplikat ved overføring mellom enheter,7,903,0.78
TSB,2022-08-01 00:00:00,Unikhet,Duplikat ved overføring mellom enheter,20,1114,1.8
BUP,2023-01-01 00:00:00,Unikhet,Duplikat ved overføring mellom enheter,22,1121,1.96
KIR,2022-11-01 00:00:00,Unikhet,Duplikat ved overføring mellom enheter,16,1100,1.45
KIR,2025-12-01 00:00:00,Unikhet,Duplikat ved overføring mellom enheter,31,1830,1.69
REH,2022-08-01 00:00:00,Unikhet,Duplikat ved overføring mellom enheter,14,1041,1.34
BUP,2024-09-01 00:00:00,Unikhet,Duplikat ved overføring mellom enheter,15,1038,1.45
REH,2025-07-01 00:00:00,Unikhet,Duplikat ved overføring mellom enheter,20,1020,1.96
MED,2025-10-01 00:00:00,Unikhet,Duplikat ved overføring mellom enheter,20,1082,1.85
BUP,2022-12-01 00:00:00,Unikhet,Duplikat ved overføring mellom enheter,32,1836,1.74
ONK,2025-10-01 00:00:00,Unikhet,Duplikat ved overføring mellom enheter,12,1036,1.16
BUP,2023-05-01 00:00:00,Unikhet,Duplikat ved overføring mellom enheter,16,1038,1.54
TSB,2023-10-01 00:00:00,Unikhet,Duplikat ved overføring mellom enheter,16,1059,1.51
KIR,2022-07-01 00:00:00,Unikhet,Duplikat ved overføring mellom enheter,12,1069,1.12
TSB,2025-07-01 00:00:00,Unikhet,Duplikat ved overføring mellom enheter,17,1033,1.65
REH,2023-10-01 00:00:00,Unikhet,Duplikat ved overføring mellom enheter,14,1022,1.37
TSB,2022-01-01 00:00:00,Unikhet,Duplikat ved overføring mellom enheter,12,1089,1.1
TSB,2024-07-01 00:00:00,Unikhet,Duplikat ved overføring mellom enheter,11,1043,1.05
ORT,2024-12-01 00:00:00,Unikhet,Duplikat ved overføring mellom enheter,14,1859,0.75
TSB,2024-08-01 00:00:00,Unikhet,Duplikat ved overføring mellom enheter,22,1081,2.04
REH,2023-04-01 00:00:00,Unikhet,Duplikat ved overføring mellom enheter,12,1001,1.2
REH,2022-01-01 00:00:00,Unikhet,Duplikat ved overføring mellom enheter,17,1100,1.55
ORT,2023-08-01 00:00:00,Unikhet,Duplikat ved overføring mellom enheter,13,1076,1.21
ONK,2025-12-01 00:00:00,Unikhet,Duplikat ved overføring mellom enheter,30,1884,1.59
MED,2025-12-01 00:00:00,Unikhet,Duplikat ved overføring mellom enheter,32,1871,1.71
TSB,2022-10-01 00:00:00,Unikhet,Duplikat ved overføring mellom enheter,21,1053,1.99
REH,2024-05-01 00:00:00,Unikhet,Duplikat ved overføring mellom enheter,21,1080,1.94
TSB,2024-05-01 00:00:00,Unikhet,Duplikat ved overføring mellom enheter,15,1047,1.43
TSB,2025-11-01 00:00:00,Unikhet,Duplikat ved overføring mellom enheter,19,1047,1.81
MED,2022-07-01 00:00:00,Unikhet,Duplikat ved overføring mellom enheter,20,1107,1.81
REH,2024-07-01 00:00:00,Unikhet,Duplikat ved overføring mellom enheter,12,1046,1.15
DPS,2023-09-01 00:00:00,Unikhet,Duplikat ved overføring mellom enheter,17,989,1.72
ORT,2025-05-01 00:00:00,Unikhet,Duplikat ved overføring mellom enheter,14,1043,1.34
REH,2025-11-01 00:00:00,Unikhet,Duplikat ved overføring mellom enheter,18,1023,1.76
ORT,2023-11-01 00:00:00,Unikhet,Duplikat ved overføring mellom enheter,6,1018,0.59
ORT,2025-08-01 00:00:00,Unikhet,Duplikat ved overføring mellom enheter,8,1048,0.76
TSB,2025-01-01 00:00:00,Unikhet,Duplikat ved overføring mellom enheter,12,1038,1.16
ONK,2022-11-01 00:00:00,Unikhet,Duplikat ved overføring mellom enheter,11,1001,1.1
DPS,2022-04-01 00:00:00,Unikhet,Duplikat ved overføring mellom enheter,17,1029,1.65
REH,2024-08-01 00:00:00,Unikhet,Duplikat ved overføring mellom enheter,14,1051,1.33
ONK,2022-07-01 00:00:00,Unikhet,Duplikat ved overføring mellom enheter,23,1082,2.13
BUP,2024-10-01 00:00:00,Unikhet,Duplikat ved overføring mellom enheter,11,1041,1.06
ORT,2025-03-01 00:00:00,Unikhet,Duplikat ved overføring mellom enheter,14,1077,1.3
REH,2025-01-01 00:00:00,Unikhet,Duplikat ved overføring mellom enheter,11,1063,1.03
REH,2022-10-01 00:00:00,Unikhet,Duplikat ved overføring mellom enheter,16,1095,1.46
KIR,2025-10-01 00:00:00,Unikhet,Duplikat ved overføring mellom enheter,15,1102,1.36
TSB,2023-04-01 00:00:00,Unikhet,Duplikat ved overføring mellom enheter,26,991,2.62
MED,2022-11-01 00:00:00,Unikhet,Duplikat ved overføring mellom enheter,14,1058,1.32
MED,2024-04-01 00:00:00,Unikhet,Duplikat ved overføring mellom enheter,7,1041,0.67
ORT,2024-02-01 00:00:00,Unikhet,Duplikat ved overføring mellom enheter,17,1059,1.61
KIR,2022-02-01 00:00:00,Unikhet,Duplikat ved overføring mellom enheter,6,946,0.63
ONK,2023-12-01 00:00:00,Unikhet,Duplikat ved overføring mellom enheter,38,1883,2.02
MED,2023-12-01 00:00:00,Unikhet,Duplikat ved overføring mellom enheter,27,1857,1.45
DPS,2025-07-01 00:00:00,Unikhet,Duplikat ved overføring mellom enheter,22,1061,2.07
ORT,2022-09-01 00:00:00,Unikhet,Duplikat ved overføring mellom enheter,13,1050,1.24
KIR,2024-01-01 00:00:00,Unikhet,Duplikat ved overføring mellom enheter,10,1039,0.96
ORT,2023-02-01 00:00:00,Unikhet,Duplikat ved overføring mellom enheter,12,980,1.22
DPS,2023-10-01 00:00:00,Unikhet,Duplikat ved overføring mellom enheter,23,1062,2.17
BUP,2022-06-01 00:00:00,Unikhet,Duplikat ved overføring mellom enheter,19,1029,1.85
ONK,2024-04-01 00:00:00,Unikhet,Duplikat ved overføring mellom enheter,17,1022,1.66
BUP,2022-03-01 00:00:00,Unikhet,Duplikat ved overføring mellom enheter,17,1036,1.64
KIR,2024-03-01 00:00:00,Unikhet,Duplikat ved overføring mellom enheter,20,1046,1.91
ORT,2023-07-01 00:00:00,Unikhet,Duplikat ved overføring mellom enheter,12,1072,1.12
TSB,2023-03-01 00:00:00,Unikhet,Duplikat ved overføring mellom enheter,12,1080,1.11
ORT,2024-11-01 00:00:00,Unikhet,Duplikat ved overføring mellom enheter,9,941,0.96
REH,2023-03-01 00:00:00,Unikhet,Duplikat ved overføring mellom enheter,22,1088,2.02
DPS,2022-08-01 00:00:00,Unikhet,Duplikat ved overføring mellom enheter,13,1021,1.27
KIR,2025-06-01 00:00:00,Unikhet,Duplikat ved overføring mellom enheter,9,1048,0.86
BUP,2024-06-01 00:00:00,Unikhet,Duplikat ved overføring mellom enheter,28,1019,2.75
KIR,2025-04-01 00:00:00,Unikhet,Duplikat ved overføring mellom enheter,19,973,1.95
REH,2022-09-01 00:00:00,Unikhet,Duplikat ved overføring mellom enheter,25,1070,2.34
REH,2023-07-01 00:00:00,Unikhet,Duplikat ved overføring mellom enheter,16,1088,1.47
KIR,2023-05-01 00:00:00,Unikhet,Duplikat ved overføring mellom enheter,12,1106,1.08
KIR,2022-12-01 00:00:00,Unikhet,Duplikat ved overføring mellom enheter,28,1852,1.51
TSB,2024-11-01 00:00:00,Unikhet,Duplikat ved overføring mellom enheter,18,1068,1.69
REH,2023-02-01 00:00:00,Unikhet,Duplikat ved overføring mellom enheter,14,923,1.52
KIR,2023-06-01 00:00:00,Unikhet,Duplikat ved overføring mellom enheter,15,1072,1.4
BUP,2022-11-01 00:00:00,Unikhet,Duplikat ved overføring mellom enheter,19,1072,1.77
REH,2024-11-01 00:00:00,Unikhet,Duplikat ved overføring mellom enheter,13,1039,1.25
KIR,2024-09-01 00:00:00,Unikhet,Duplikat ved overføring mellom enheter,16,1054,1.52
TSB,2022-09-01 00:00:00,Unikhet,Duplikat ved overføring mellom enheter,18,1011,1.78
ORT,2023-03-01 00:00:00,Unikhet,Duplikat ved overføring mellom enheter,11,1089,1.01
TSB,2023-07-01 00:00:00,Unikhet,Duplikat ved overføring mellom enheter,13,1028,1.26
TSB,2024-02-01 00:00:00,Unikhet,Duplikat ved overføring mellom enheter,19,1029,1.85
BUP,2022-07-01 00:00:00,Unikhet,Duplikat ved overføring mellom enheter,15,1012,1.48
MED,2024-10-01 00:00:00,Unikhet,Duplikat ved overføring mellom enheter,16,1049,1.53
ONK,2024-10-01 00:00:00,Unikhet,Duplikat ved overføring mellom enheter,12,1080,1.11
DPS,2025-02-01 00:00:00,Unikhet,Duplikat ved overføring mellom enheter,9,965,0.93
BUP,2025-12-01 00:00:00,Unikhet,Duplikat ved overføring mellom enheter,35,1952,1.79
TSB,2023-02-01 00:00:00,Unikhet,Duplikat ved overføring mellom enheter,16,953,1.68
REH,2024-02-01 00:00:00,Unikhet,Duplikat ved overføring mellom enheter,21,980,2.14
KIR,2023-01-01 00:00:00,Unikhet,Duplikat ved overføring mellom enheter,13,1033,1.26
REH,2025-02-01 00:00:00,Unikhet,Duplikat ved overføring mellom enheter,15,867,1.73
BUP,2022-02-01 00:00:00,Unikhet,Duplikat ved overføring mellom enheter,12,932,1.29
ONK,2025-09-01 00:00:00,Unikhet,Duplikat ved overføring mellom enheter,18,1020,1.76
ORT,2022-08-01 00:00:00,Unikhet,Duplikat ved overføring mellom enheter,14,1040,1.35
DPS,2023-07-01 00:00:00,Unikhet,Duplikat ved overføring mellom enheter,21,1042,2.02
BUP,2024-03-01 00:00:00,Unikhet,Duplikat ved overføring mellom enheter,12,1080,1.11
BUP,2024-01-01 00:00:00,Unikhet,Duplikat ved overføring mellom enheter,15,1054,1.42
KIR,2022-06-01 00:00:00,Unikhet,Duplikat ved overføring mellom enheter,16,967,1.65
ORT,2025-07-01 00:00:00,Unikhet,Duplikat ved overføring mellom enheter,10,997,1.0
MED,2025-09-01 00:00:00,Unikhet,Duplikat ved overføring mellom enheter,14,1036,1.35
DPS,2022-09-01 00:00:00,Unikhet,Duplikat ved overføring mellom enheter,13,1062,1.22
TSB,2025-02-01 00:00:00,Unikhet,Duplikat ved overføring mellom enheter,19,957,1.99
BUP,2025-06-01 00:00:00,Unikhet,Duplikat ved overføring mellom enheter,16,1042,1.54
KIR,2022-03-01 00:00:00,Unikhet,Duplikat ved overføring mellom enheter,24,1065,2.25
DPS,2023-02-01 00:00:00,Unikhet,Duplikat ved overføring mellom enheter,8,929,0.86
DPS,2024-02-01 00:00:00,Unikhet,Duplikat ved overføring mellom enheter,13,973,1.34
ORT,2023-10-01 00:00:00,Unikhet,Duplikat ved overføring mellom enheter,9,1127,0.8
KIR,2024-06-01 00:00:00,Unikhet,Duplikat ved overføring mellom enheter,18,1062,1.69
DPS,2024-11-01 00:00:00,Unikhet,Duplikat ved overføring mellom enheter,16,1058,1.51
ONK,2025-03-01 00:00:00,Unikhet,Duplikat ved overføring mellom enheter,10,1057,0.95
MED,2025-03-01 00:00:00,Unikhet,Duplikat ved overføring mellom enheter,17,1060,1.6
ONK,2025-08-01 00:00:00,Unikhet,Duplikat ved overføring mellom enheter,15,1066,1.41
KIR,2025-02-01 00:00:00,Unikhet,Duplikat ved overføring mellom enheter,8,937,0.85
DPS,2022-12-01 00:00:00,Unikhet,Duplikat ved overføring mellom enheter,32,1876,1.71
DPS,2023-06-01 00:00:00,Unikhet,Duplikat ved overføring mellom enheter,14,1052,1.33
MED,2023-08-01 00:00:00,Unikhet,Duplikat ved overføring mellom enheter,14,1072,1.31
DPS,2024-09-01 00:00:00,Unikhet,Duplikat ved overføring mellom enheter,13,1047,1.24
TSB,2022-03-01 00:00:00,Unikhet,Duplikat ved overføring mellom enheter,21,978,2.15
MED,2024-12-01 00:00:00,Unikhet,Duplikat ved overføring mellom enheter,38,1965,1.93
TSB,2022-06-01 00:00:00,Unikhet,Duplikat ved overføring mellom enheter,9,1003,0.9
DPS,2023-05-01 00:00:00,Unikhet,Duplikat ved overføring mellom enheter,21,1074,1.96
DPS,2025-04-01 00:00:00,Unikhet,Duplikat ved overføring mellom enheter,22,1089,2.02
ORT,2022-07-01 00:00:00,Unikhet,Duplikat ved overføring mellom enheter,9,1099,0.82
ONK,2023-08-01 00:00:00,Unikhet,Duplikat ved overføring mellom enheter,15,1120,1.34
TSB,2024-06-01 00:00:00,Unikhet,Duplikat ved overføring mellom enheter,17,1017,1.67
MED,2025-08-01 00:00:00,Unikhet,Duplikat ved overføring mellom enheter,14,1079,1.3
ORT,2022-11-01 00:00:00,Unikhet,Duplikat ved overføring mellom enheter,12,1031,1.16
ONK,2025-05-01 00:00:00,Unikhet,Duplikat ved overføring mellom enheter,27,1111,2.43
MED,2023-11-01 00:00:00,Unikhet,Duplikat ved overføring mellom enheter,14,1012,1.38
REH,2024-06-01 00:00:00,Unikhet,Duplikat ved overføring mellom enheter,16,1017,1.57
REH,2022-06-01 00:00:00,Unikhet,Duplikat ved overføring mellom enheter,16,971,1.65
REH,2022-03-01 00:00:00,Unikhet,Duplikat ved overføring mellom enheter,15,1055,1.42
ONK,2024-12-01 00:00:00,Unikhet,Duplikat ved overføring mellom enheter,47,1938,2.43
BUP,2023-03-01 00:00:00,Unikhet,Duplikat ved overføring mellom enheter,24,1058,2.27
MED,2025-05-01 00:00:00,Unikhet,Duplikat ved overføring mellom enheter,18,1023,1.76
DPS,2023-01-01 00:00:00,Unikhet,Duplikat ved overføring mellom enheter,14,1093,1.28
ORT,2025-12-01 00:00:00,Unikhet,Duplikat ved overføring mellom enheter,19,1856,1.02
ONK,2023-11-01 00:00:00,Unikhet,Duplikat ved overføring mellom enheter,15,1043,1.44
REH,2023-12-01 00:00:00,Unikhet,Duplikat ved overføring mellom enheter,28,1885,1.49
REH,2024-04-01 00:00:00,Unikhet,Duplikat ved overføring mellom enheter,17,1020,1.67
BUP,2023-11-01 00:00:00,Unikhet,Duplikat ved overføring mellom enheter,24,1038,2.31
BUP,2025-03-01 00:00:00,Unikhet,Duplikat ved overføring mellom enheter,13,1067,1.22
BUP,2024-12-01 00:00:00,Unikhet,Duplikat ved overføring mellom enheter,26,1839,1.41
KIR,2022-04-01 00:00:00,Unikhet,Duplikat ved overføring mellom enheter,27,981,2.75
KIR,2023-09-01 00:00:00,Unikhet,Duplikat ved overføring mellom enheter,15,995,1.51
MED,2023-03-01 00:00:00,Unikhet,Duplikat ved overføring mellom enheter,12,1045,1.15
TSB,2023-12-01 00:00:00,Unikhet,Duplikat ved overføring mellom enheter,29,1882,1.54
BUP,2023-08-01 00:00:00,Unikhet,Duplikat ved overføring mellom enheter,18,1088,1.65
BUP,2025-05-01 00:00:00,Unikhet,Duplikat ved overføring mellom enheter,16,1094,1.46
ORT,2024-10-01 00:00:00,Unikhet,Duplikat ved overføring mellom enheter,11,1089,1.01
TSB,2024-04-01 00:00:00,Unikhet,Duplikat ved overføring mellom enheter,24,1037,2.31
DPS,2025-10-01 00:00:00,Unikhet,Duplikat ved overføring mellom enheter,12,1051,1.14
ONK,2023-03-01 00:00:00,Unikhet,Duplikat ved overføring mellom enheter,18,1149,1.57
BUP,2025-08-01 00:00:00,Unikhet,Duplikat ved overføring mellom enheter,18,1101,1.63
MED,2023-04-01 00:00:00,Unikhet,Duplikat ved overføring mellom enheter,11,978,1.12
KIR,2022-08-01 00:00:00,Unikhet,Duplikat ved overføring mellom enheter,16,1038,1.54
ONK,2023-04-01 00:00:00,Unikhet,Duplikat ved overføring mellom enheter,17,1028,1.65
BUP,2023-07-01 00:00:00,Unikhet,Duplikat ved overføring mellom enheter,26,1087,2.39
BUP,2022-09-01 00:00:00,Unikhet,Duplikat ved overføring mellom enheter,22,1073,2.05
ONK,2024-07-01 00:00:00,Unikhet,Duplikat ved overføring mellom enheter,30,1069,2.81
KIR,2023-10-01 00:00:00,Unikhet,Duplikat ved overføring mellom enheter,16,1058,1.51
ONK,2025-01-01 00:00:00,Unikhet,Duplikat ved overføring mellom enheter,13,1133,1.15
REH,2022-11-01 00:00:00,Unikhet,Duplikat ved overføring mellom enheter,12,1015,1.18
MED,2025-01-01 00:00:00,Unikhet,Duplikat ved overføring mellom enheter,23,1129,2.04
MED,2024-08-01 00:00:00,Unikhet,Duplikat ved overføring mellom enheter,15,1048,1.43
TSB,2025-12-01 00:00:00,Unikhet,Duplikat ved overføring mellom enheter,27,1860,1.45
ORT,2022-03-01 00:00:00,Unikhet,Duplikat ved overføring mellom enheter,13,1035,1.26
ONK,2024-08-01 00:00:00,Unikhet,Duplikat ved overføring mellom enheter,18,1007,1.79
BUP,2024-11-01 00:00:00,Unikhet,Duplikat ved overføring mellom enheter,14,1012,1.38
ONK,2022-01-01 00:00:00,Unikhet,Duplikat ved overføring mellom enheter,19,1064,1.79
MED,2025-11-01 00:00:00,Unikhet,Duplikat ved overføring mellom enheter,17,1027,1.66
TSB,2022-07-01 00:00:00,Unikhet,Duplikat ved overføring mellom enheter,14,1057,1.32
MED,2024-05-01 00:00:00,Unikhet,Duplikat ved overføring mellom enheter,22,1042,2.11
MED,2022-01-01 00:00:00,Unikhet,Duplikat ved overføring mellom enheter,22,1132,1.94
DPS,2024-01-01 00:00:00,Unikhet,Duplikat ved overføring mellom enheter,19,1071,1.77
DPS,2024-03-01 00:00:00,Unikhet,Duplikat ved overføring mellom enheter,11,1019,1.08
DPS,2022-02-01 00:00:00,Unikhet,Duplikat ved overføring mellom enheter,16,963,1.66
MED,2022-10-01 00:00:00,Unikhet,Duplikat ved overføring mellom enheter,24,1047,2.29
BUP,2024-02-01 00:00:00,Unikhet,Duplikat ved overføring mellom enheter,13,978,1.33
ORT,2022-06-01 00:00:00,Unikhet,Duplikat ved overføring mellom enheter,7,1004,0.7
ONK,2025-11-01 00:00:00,Unikhet,Duplikat ved overføring mellom enheter,17,990,1.72
ORT,2024-06-01 00:00:00,Unikhet,Duplikat ved overføring mellom enheter,11,1039,1.06
KIR,2025-07-01 00:00:00,Unikhet,Duplikat ved overføring mellom enheter,11,1065,1.03
REH,2022-07-01 00:00:00,Unikhet,Duplikat ved overføring mellom enheter,14,1072,1.31
DPS,2025-06-01 00:00:00,Unikhet,Duplikat ved overføring mellom enheter,19,1026,1.85
TSB,2022-11-01 00:00:00,Unikhet,Duplikat ved overføring mellom enheter,11,1045,1.05
ONK,2022-10-01 00:00:00,Unikhet,Duplikat ved overføring mellom enheter,21,1050,2.0
REH,2025-12-01 00:00:00,Unikhet,Duplikat ved overføring mellom enheter,30,1877,1.6
BUP,2023-02-01 00:00:00,Unikhet,Duplikat ved overføring mellom enheter,5,979,0.51
MED,2024-07-01 00:00:00,Unikhet,Duplikat ved overføring mellom enheter,14,1110,1.26
ONK,2024-05-01 00:00:00,Unikhet,Duplikat ved overføring mellom enheter,12,1115,1.08
TSB,2023-06-01 00:00:00,Unikhet,Duplikat ved overføring mellom enheter,16,1038,1.54
TSB,2022-12-01 00:00:00,Unikhet,Duplikat ved overføring mellom enheter,25,1800,1.39
REH,2024-09-01 00:00:00,Unikhet,Duplikat ved overføring mellom enheter,15,1003,1.5
KIR,2024-11-01 00:00:00,Unikhet,Duplikat ved overføring mellom enheter,13,1013,1.28
DPS,2024-06-01 00:00:00,Unikhet,Duplikat ved overføring mellom enheter,18,1053,1.71
KIR,2023-02-01 00:00:00,Unikhet,Duplikat ved overføring mellom enheter,18,989,1.82
BUP,2023-10-01 00:00:00,Unikhet,Duplikat ved overføring mellom enheter,25,1045,2.39
MED,2022-05-01 00:00:00,Unikhet,Duplikat ved overføring mellom enheter,15,1041,1.44
DPS,2022-03-01 00:00:00,Unikhet,Duplikat ved overføring mellom enheter,12,1083,1.11
REH,2023-01-01 00:00:00,Unikhet,Duplikat ved overføring mellom enheter,20,1087,1.84
KIR,2024-02-01 00:00:00,Unikhet,Duplikat ved overføring mellom enheter,14,1001,1.4
BUP,2025-07-01 00:00:00,Unikhet,Duplikat ved overføring mellom enheter,13,1028,1.26
TSB,2024-09-01 00:00:00,Unikhet,Duplikat ved overføring mellom enheter,14,1005,1.39
REH,2022-12-01 00:00:00,Unikhet,Duplikat ved overføring mellom enheter,36,1802,2.0
TSB,2023-05-01 00:00:00,Unikhet,Duplikat ved overføring mellom enheter,21,1057,1.99
ORT,2022-02-01 00:00:00,Unikhet,Duplikat ved overføring mellom enheter,16,950,1.68
KIR,2023-07-01 00:00:00,Unikhet,Duplikat ved overføring mellom enheter,21,1051,2.0
KIR,2022-09-01 00:00:00,Unikhet,Duplikat ved overføring mellom enheter,14,1052,1.33
REH,2023-06-01 00:00:00,Unikhet,Duplikat ved overføring mellom enheter,5,1043,0.48
ONK,2022-05-01 00:00:00,Unikhet,Duplikat ved overføring mellom enheter,17,1071,1.59
REH,2023-05-01 00:00:00,Unikhet,Duplikat ved overføring mellom enheter,11,1043,1.05
TSB,2023-01-01 00:00:00,Unikhet,Duplikat ved overføring mellom enheter,11,1075,1.02
REH,2025-04-01 00:00:00,Unikhet,Duplikat ved overføring mellom enheter,16,1059,1.51
ORT,2024-01-01 00:00:00,Unikhet,Duplikat ved overføring mellom enheter,16,1089,1.47
TSB,2025-04-01 00:00:00,Unikhet,Duplikat ved overføring mellom enheter,15,1052,1.43
ORT,2024-03-01 00:00:00,Unikhet,Duplikat ved overføring mellom enheter,15,1024,1.46
BUP,2022-08-01 00:00:00,Unikhet,Duplikat ved overføring mellom enheter,12,1084,1.11
ORT,2025-06-01 00:00:00,Unikhet,Duplikat ved overføring mellom enheter,9,1016,0.89
DPS,2022-06-01 00:00:00,Unikhet,Duplikat ved overføring mellom enheter,19,1027,1.85
MED,2023-05-01 00:00:00,Unikhet,Duplikat ved overføring mellom enheter,20,1079,1.85
DPS,2023-11-01 00:00:00,Unikhet,Duplikat ved overføring mellom enheter,9,1005,0.9
ONK,2022-12-01 00:00:00,Unikhet,Duplikat ved overføring mellom enheter,38,1840,2.07
DPS,2025-05-01 00:00:00,Unikhet,Duplikat ved overføring mellom enheter,16,1059,1.51
MED,2023-01-01 00:00:00,Unikhet,Duplikat ved overføring mellom enheter,13,1084,1.2
ONK,2024-09-01 00:00:00,Unikhet,Duplikat ved overføring mellom enheter,11,1072,1.03
MED,2025-04-01 00:00:00,Unikhet,Duplikat ved overføring mellom enheter,16,1007,1.59
DPS,2023-08-01 00:00:00,Unikhet,Duplikat ved overføring mellom enheter,15,1077,1.39
MED,2024-09-01 00:00:00,Unikhet,Duplikat ved overføring mellom enheter,16,1017,1.57
TSB,2022-05-01 00:00:00,Unikhet,Duplikat ved overføring mellom enheter,16,1072,1.49
ONK,2023-01-01 00:00:00,Unikhet,Duplikat ved overføring mellom enheter,17,1099,1.55
KIR,2024-10-01 00:00:00,Unikhet,Duplikat ved overføring mellom enheter,11,1060,1.04
ONK,2023-06-01 00:00:00,Unikhet,Duplikat ved overføring mellom enheter,13,1088,1.19
DPS,2025-03-01 00:00:00,Unikhet,Duplikat ved overføring mellom enheter,27,1026,2.63
MED,2023-06-01 00:00:00,Unikhet,Duplikat ved overføring mellom enheter,14,967,1.45
MED,2022-12-01 00:00:00,Unikhet,Duplikat ved overføring mellom enheter,29,1853,1.57
DPS,2024-12-01 00:00:00,Unikhet,Duplikat ved overføring mellom enheter,37,1789,2.07
ORT,2023-09-01 00:00:00,Unikhet,Duplikat ved overføring mellom enheter,11,1010,1.09
ONK,2023-05-01 00:00:00,Unikhet,Duplikat ved overføring mellom enheter,17,1087,1.56
REH,2022-05-01 00:00:00,Unikhet,Duplikat ved overføring mellom enheter,17,1040,1.63
DPS,2025-08-01 00:00:00,Unikhet,Duplikat ved overføring mellom enheter,21,1050,2.0
ORT,2022-04-01 00:00:00,Unikhet,Duplikat ved overføring mellom enheter,5,1070,0.47
ONK,2025-04-01 00:00:00,Unikhet,Duplikat ved overføring mellom enheter,16,1034,1.55
BUP,2025-10-01 00:00:00,Unikhet,Duplikat ved overføring mellom enheter,15,1039,1.44
ORT,2024-09-01 00:00:00,Unikhet,Duplikat ved overføring mellom enheter,18,1028,1.75
ORT,2023-05-01 00:00:00,Unikhet,Duplikat ved overføring mellom enheter,12,1041,1.15
DPS,2022-11-01 00:00:00,Unikhet,Duplikat ved overføring mellom enheter,18,1026,1.75
REH,2025-06-01 00:00:00,Unikhet,Duplikat ved overføring mellom enheter,17,1023,1.66
DPS,2022-07-01 00:00:00,Unikhet,Duplikat ved overføring mellom enheter,18,1107,1.63
ORT,2025-04-01 00:00:00,Unikhet,Duplikat ved overføring mellom enheter,10,1051,0.95
TSB,2024-01-01 00:00:00,Unikhet,Duplikat ved overføring mellom enheter,13,1081,1.2
REH,2024-01-01 00:00:00,Unikhet,Duplikat ved overføring mellom enheter,25,1040,2.4
REH,2022-02-01 00:00:00,Unikhet,Duplikat ved overføring mellom enheter,17,932,1.82
MED,2022-04-01 00:00:00,Unikhet,Duplikat ved overføring mellom enheter,20,1000,2.0
TSB,2022-02-01 00:00:00,Unikhet,Duplikat ved overføring mellom enheter,18,933,1.93
TSB,2025-06-01 00:00:00,Unikhet,Duplikat ved overføring mellom enheter,19,1003,1.89
DPS,2025-12-01 00:00:00,Unikhet,Duplikat ved overføring mellom enheter,47,1963,2.39
ONK,2023-09-01 00:00:00,Unikhet,Duplikat ved overføring mellom enheter,21,1018,2.06
ORT,2023-01-01 00:00:00,Unikhet,Duplikat ved overføring mellom enheter,11,1039,1.06
KIR,2023-03-01 00:00:00,Unikhet,Duplikat ved overføring mellom enheter,11,1098,1.0
TSB,2024-03-01 00:00:00,Unikhet,Duplikat ved overføring mellom enheter,15,1057,1.42
REH,2024-03-01 00:00:00,Unikhet,Duplikat ved overføring mellom enheter,12,1037,1.16
ORT,2023-06-01 00:00:00,Unikhet,Duplikat ved overføring mellom enheter,12,978,1.23
ORT,2022-12-01 00:00:00,Unikhet,Duplikat ved overføring mellom enheter,15,1877,0.8
ONK,2022-04-01 00:00:00,Unikhet,Duplikat ved overføring mellom enheter,16,981,1.63
MED,2023-09-01 00:00:00,Unikhet,Duplikat ved overføring mellom enheter,16,1036,1.54
BUP,2025-02-01 00:00:00,Unikhet,Duplikat ved overføring mellom enheter,25,962,2.6
KIR,2025-05-01 00:00:00,Unikhet,Duplikat ved overføring mellom enheter,13,1065,1.22
BUP,2023-09-01 00:00:00,Unikhet,Duplikat ved overføring mellom enheter,7,1019,0.69
KIR,2025-08-01 00:00:00,Unikhet,Duplikat ved overføring mellom enheter,13,1056,1.23
KIR,2024-12-01 00:00:00,Unikhet,Duplikat ved overføring mellom enheter,20,1886,1.06
MED,2025-02-01 00:00:00,Unikhet,Duplikat ved overføring mellom enheter,12,922,1.3
TSB,2025-09-01 00:00:00,Unikhet,Duplikat ved overføring mellom enheter,19,1048,1.81
KIR,2023-11-01 00:00:00,Unikhet,Duplikat ved overføring mellom enheter,16,1002,1.6
DPS,2024-10-01 00:00:00,Unikhet,Duplikat ved overføring mellom enheter,21,1048,2.0
ONK,2025-02-01 00:00:00,Unikhet,Duplikat ved overføring mellom enheter,18,913,1.97
KIR,2025-03-01 00:00:00,Unikhet,Duplikat ved overføring mellom enheter,14,1012,1.38
ORT,2025-10-01 00:00:00,Unikhet,Duplikat ved overføring mellom enheter,13,1039,1.25
REH,2025-09-01 00:00:00,Unikhet,Duplikat ved overføring mellom enheter,16,1048,1.53
KIR,2023-08-01 00:00:00,Unikhet,Duplikat ved overføring mellom enheter,11,1054,1.04
BUP,2022-04-01 00:00:00,Unikhet,Duplikat ved overføring mellom enheter,15,1051,1.43
ORT,2022-05-01 00:00:00,Unikhet,Duplikat ved overføring mellom enheter,13,1035,1.26
DPS,2024-08-01 00:00:00,Unikhet,Duplikat ved overføring mellom enheter,16,1064,1.5
DPS,2023-04-01 00:00:00,Unikhet,Duplikat ved overføring mellom enheter,14,1009,1.39
DPS,2024-07-01 00:00:00,Unikhet,Duplikat ved overføring mellom enheter,20,1094,1.83
DPS,2025-11-01 00:00:00,Unikhet,Duplikat ved overføring mellom enheter,22,1092,2.01
MED,2024-01-01 00:00:00,Unikhet,Duplikat ved overføring mellom enheter,19,1041,1.83
REH,2023-09-01 00:00:00,Unikhet,Duplikat ved overføring mellom enheter,16,1018,1.57
ONK,2024-03-01 00:00:00,Unikhet,Duplikat ved overføring mellom enheter,14,1097,1.28
DPS,2022-10-01 00:00:00,Unikhet,Duplikat ved overføring mellom enheter,11,1051,1.05
ONK,2024-01-01 00:00:00,Unikhet,Duplikat ved overføring mellom enheter,21,1016,2.07
BUP,2025-09-01 00:00:00,Unikhet,Duplikat ved overføring mellom enheter,10,1009,0.99
DPS,2025-01-01 00:00:00,Unikhet,Duplikat ved overføring mellom enheter,15,1088,1.38
KIR,2023-12-01 00:00:00,Unikhet,Duplikat ved overføring mellom enheter,35,1919,1.82
TSB,2023-09-01 00:00:00,Unikhet,Duplikat ved overføring mellom enheter,17,1074,1.58
TSB,2022-04-01 00:00:00,Unikhet,Duplikat ved overføring mellom enheter,16,1012,1.58
DPS,2022-01-01 00:00:00,Unikhet,Duplikat ved overføring mellom enheter,23,1058,2.17
MED,2022-02-01 00:00:00,Unikhet,Duplikat ved overføring mellom enheter,17,1028,1.65
KIR,2024-04-01 00:00:00,Unikhet,Duplikat ved overføring mellom enheter,18,1016,1.77
DPS,2024-05-01 00:00:00,Unikhet,Duplikat ved overføring mellom enheter,10,1119,0.89
MED,2024-03-01 00:00:00,Unikhet,Duplikat ved overføring mellom enheter,18,1037,1.74
ONK,2025-06-01 00:00:00,Unikhet,Duplikat ved overføring mellom enheter,19,1017,1.87
REH,2022-04-01 00:00:00,Unikhet,Duplikat ved overføring mellom enheter,16,1005,1.59
MED,2025-06-01 00:00:00,Unikhet,Duplikat ved overføring mellom enheter,20,1025,1.95
ONK,2022-02-01 00:00:00,Unikhet,Duplikat ved overføring mellom enheter,16,969,1.65
MED,2022-08-01 00:00:00,Unikhet,Duplikat ved overføring mellom enheter,14,1034,1.35
KIR,2022-01-01 00:00:00,Unikhet,Duplikat ved overføring mellom enheter,20,1179,1.7
MED,2025-07-01 00:00:00,Unikhet,Duplikat ved overføring mellom enheter,19,1097,1.73
MED,2023-10-01 00:00:00,Unikhet,Duplikat ved overføring mellom enheter,21,1031,2.04
KIR,2022-10-01 00:00:00,Unikhet,Duplikat ved overføring mellom enheter,15,1020,1.47
ONK,2025-07-01 00:00:00,Unikhet,Duplikat ved overføring mellom enheter,15,1074,1.4
DPS,2023-12-01 00:00:00,Unikhet,Duplikat ved overføring mellom enheter,30,1825,1.64
KIR,2025-01-01 00:00:00,Unikhet,Duplikat ved overføring mellom enheter,20,1037,1.93
KIR,2024-07-01 00:00:00,Unikhet,Duplikat ved overføring mellom enheter,14,1044,1.34
KIR,2025-11-01 00:00:00,Unikhet,Duplikat ved overføring mellom enheter,19,1042,1.82
ONK,2023-10-01 00:00:00,Unikhet,Duplikat ved overføring mellom enheter,18,1065,1.69
KIR,2024-05-01 00:00:00,Unikhet,Duplikat ved overføring mellom enheter,14,1028,1.36
BUP,2022-05-01 00:00:00,Unikhet,Duplikat ved overføring mellom enheter,18,1132,1.59
DPS,2024-04-01 00:00:00,Unikhet,Duplikat ved overføring mellom enheter,9,1046,0.86
REH,2025-10-01 00:00:00,Unikhet,Duplikat ved overføring mellom enheter,16,1070,1.5
ORT,2025-09-01 00:00:00,Unikhet,Duplikat ved overføring mellom enheter,17,978,1.74
ONK,2022-08-01 00:00:00,Unikhet,Duplikat ved overføring mellom enheter,15,1081,1.39
KIR,2023-04-01 00:00:00,Unikhet,Duplikat ved overføring mellom enheter,16,981,1.63
TSB,2025-10-01 00:00:00,Unikhet,Duplikat ved overføring mellom enheter,11,1070,1.03
KIR,2024-08-01 00:00:00,Unikhet,Duplikat ved overføring mellom enheter,22,1089,2.02
BUP,2023-12-01 00:00:00,Unikhet,Duplikat ved overføring mellom enheter,30,1827,1.64
REH,2025-03-01 00:00:00,Unikhet,Duplikat ved overføring mellom enheter,10,1040,0.96
ORT,2022-01-01 00:00:00,Unikhet,Duplikat ved overføring mellom enheter,16,1081,1.48
TSB,2023-11-01 00:00:00,Unikhet,Duplikat ved overføring mellom enheter,17,1088,1.56
ORT,2025-01-01 00:00:00,Unikhet,Duplikat ved overføring mellom enheter,11,1063,1.03
TSB,2025-08-01 00:00:00,Unikhet,Duplikat ved overføring mellom enheter,18,1038,1.73
MED,2022-03-01 00:00:00,Unikhet,Duplikat ved overføring mellom enheter,21,1037,2.03
KIR,2025-09-01 00:00:00,Unikhet,Duplikat ved overføring mellom enheter,18,1057,1.7
REH,2023-11-01 00:00:00,Unikhet,Duplikat ved overføring mellom enheter,19,1030,1.84
DPS,2022-05-01 00:00:00,Unikhet,Duplikat ved overføring mellom enheter,12,1060,1.13
REH,2025-08-01 00:00:00,Unikhet,Duplikat ved overføring mellom enheter,13,1090,1.19
ONK,2022-06-01 00:00:00,Unikhet,Duplikat ved overføring mellom enheter,20,1048,1.91
REH,2023-08-01 00:00:00,Unikhet,Duplikat ved overføring mellom enheter,18,1063,1.69
TSB,2024-12-01 00:00:00,Unikhet,Duplikat ved overføring mellom enheter,26,1881,1.38
REH,2024-12-01 00:00:00,Unikhet,Duplikat ved overføring mellom enheter,21,1903,1.1
REH,2025-05-01 00:00:00,Unikhet,Duplikat ved overføring mellom enheter,10,1029,0.97
MED,2022-06-01 00:00:00,Unikhet,Duplikat ved overføring mellom enheter,18,1046,1.72
TSB,2025-03-01 00:00:00,Unikhet,Duplikat ved overføring mellom enheter,15,1063,1.41
ORT,2022-10-01 00:00:00,Unikhet,Duplikat ved overføring mellom enheter,10,1070,0.93
ORT,2025-11-01 00:00:00,Unikhet,Duplikat ved overføring mellom enheter,12,1061,1.13
ORT,2024-08-01 00:00:00,Unikhet,Duplikat ved overføring mellom enheter,8,1036,0.77
TSB,2025-05-01 00:00:00,Unikhet,Duplikat ved overføring mellom enheter,17,1063,1.6
ORT,2023-04-01 00:00:00,Unikhet,Duplikat ved overføring mellom enheter,6,1010,0.59
ORT,2024-05-01 00:00:00,Unikhet,Duplikat ved overføring mellom enheter,14,987,1.42
TSB,2023-08-01 00:00:00,Unikhet,Duplikat ved overføring mellom enheter,18,1037,1.74
MED,2024-06-01 00:00:00,Unikhet,Duplikat ved overføring mellom enheter,13,1053,1.23
ORT,2024-07-01 00:00:00,Unikhet,Duplikat ved overføring mellom enheter,18,1076,1.67
ONK,2024-06-01 00:00:00,Unikhet,Duplikat ved overføring mellom enheter,6,985,0.61
BUP,2024-04-01 00:00:00,Unikhet,Duplikat ved overføring mellom enheter,15,1042,1.44
ONK,2022-03-01 00:00:00,Unikhet,Duplikat ved overføring mellom enheter,8,1091,0.73
MED,2023-02-01 00:00:00,Unikhet,Duplikat ved overføring mellom enheter,20,970,2.06
MED,2023-07-01 00:00:00,Unikhet,Duplikat ved overføring mellom enheter,13,1078,1.21
ORT,2023-12-01 00:00:00,Unikhet,Duplikat ved overføring mellom enheter,25,1870,1.34
BUP,2022-01-01 00:00:00,Unikhet,Duplikat ved overføring mellom enheter,18,1085,1.66
ONK,2024-11-01 00:00:00,Unikhet,Duplikat ved overføring mellom enheter,17,1025,1.66
KIR,2022-05-01 00:00:00,Unikhet,Duplikat ved overføring mellom enheter,19,1052,1.81
TSB,2024-10-01 00:00:00,Unikhet,Duplikat ved overføring mellom enheter,20,1032,1.94
ONK,2023-07-01 00:00:00,Unikhet,Duplikat ved overføring mellom enheter,24,1037,2.31
BUP,2025-01-01 00:00:00,Unikhet,Duplikat ved overføring mellom enheter,17,1120,1.52
MED,2024-11-01 00:00:00,Unikhet,Duplikat ved overføring mellom enheter,20,1066,1.88
BUP,2022-10-01 00:00:00,Unikhet,Duplikat ved overføring mellom enheter,18,1047,1.72
ONK,2022-09-01 00:00:00,Unikhet,Duplikat ved overføring mellom enheter,26,1011,2.57
MED,2022-09-01 00:00:00,Unikhet,Duplikat ved overføring mellom enheter,16,1035,1.55
BUP,2024-05-01 00:00:00,Unikhet,Duplikat ved overføring mellom enheter,12,1083,1.11
ORT,2024-04-01 00:00:00,Unikhet,Duplikat ved overføring mellom enheter,8,1026,0.78
ONK,2023-02-01 00:00:00,Unikhet,Duplikat ved overføring mellom enheter,18,927,1.94
MED,2024-02-01 00:00:00,Unikhet,Duplikat ved overføring mellom enheter,17,1051,1.62
BUP,2023-04-01 00:00:00,Unikhet,Duplikat ved overføring mellom enheter,23,1025,2.24
BUP,2024-08-01 00:00:00,Unikhet,Duplikat ved overføring mellom enheter,11,1038,1.06
DPS,2025-09-01 00:00:00,Unikhet,Duplikat ved overføring mellom enheter,14,1007,1.39
REH,2024-10-01 00:00:00,Unikhet,Duplikat ved overføring mellom enheter,7,1037,0.68
BUP,2025-11-01 00:00:00,Unikhet,Duplikat ved overføring mellom enheter,23,1070,2.15
BUP,2024-07-01 00:00:00,Unikhet,Duplikat ved overføring mellom enheter,21,1069,1.96
ONK,2024-02-01 00:00:00,Unikhet,Duplikat ved overføring mellom enheter,19,993,1.91
BUP,2023-06-01 00:00:00,Kompletthet,Ventetid slutt ikke registrert,217,1054,20.59
BUP,2025-04-01 00:00:00,Kompletthet,Ventetid slutt ikke registrert,215,975,22.05
DPS,2023-03-01 00:00:00,Kompletthet,Ventetid slutt ikke registrert,116,1086,10.68
ORT,2025-02-01 00:00:00,Kompletthet,Ventetid slutt ikke registrert,81,903,8.97
TSB,2022-08-01 00:00:00,Kompletthet,Ventetid slutt ikke registrert,232,1114,20.83
BUP,2023-01-01 00:00:00,Kompletthet,Ventetid slutt ikke registrert,229,1121,20.43
KIR,2022-11-01 00:00:00,Kompletthet,Ventetid slutt ikke registrert,77,1100,7.0
KIR,2025-12-01 00:00:00,Kompletthet,Ventetid slutt ikke registrert,1791,1830,97.87
REH,2022-08-01 00:00:00,Kompletthet,Ventetid slutt ikke registrert,144,1041,13.83
BUP,2024-09-01 00:00:00,Kompletthet,Ventetid slutt ikke registrert,192,1038,18.5
REH,2025-07-01 00:00:00,Kompletthet,Ventetid slutt ikke registrert,157,1020,15.39
MED,2025-10-01 00:00:00,Kompletthet,Ventetid slutt ikke registrert,473,1082,43.72
BUP,2022-12-01 00:00:00,Kompletthet,Ventetid slutt ikke registrert,374,1836,20.37
ONK,2025-10-01 00:00:00,Kompletthet,Ventetid slutt ikke registrert,411,1036,39.67
BUP,2023-05-01 00:00:00,Kompletthet,Ventetid slutt ikke registrert,214,1038,20.62
TSB,2023-10-01 00:00:00,Kompletthet,Ventetid slutt ikke registrert,230,1059,21.72
KIR,2022-07-01 00:00:00,Kompletthet,Ventetid slutt ikke registrert,73,1069,6.83
TSB,2025-07-01 00:00:00,Kompletthet,Ventetid slutt ikke registrert,256,1033,24.78
REH,2023-10-01 00:00:00,Kompletthet,Ventetid slutt ikke registrert,156,1022,15.26
TSB,2022-01-01 00:00:00,Kompletthet,Ventetid slutt ikke registrert,258,1089,23.69
TSB,2024-07-01 00:00:00,Kompletthet,Ventetid slutt ikke registrert,233,1043,22.34
ORT,2024-12-01 00:00:00,Kompletthet,Ventetid slutt ikke registrert,144,1859,7.75
TSB,2024-08-01 00:00:00,Kompletthet,Ventetid slutt ikke registrert,243,1081,22.48
REH,2023-04-01 00:00:00,Kompletthet,Ventetid slutt ikke registrert,116,1001,11.59
REH,2022-01-01 00:00:00,Kompletthet,Ventetid slutt ikke registrert,167,1100,15.18
ORT,2023-08-01 00:00:00,Kompletthet,Ventetid slutt ikke registrert,94,1076,8.74
ONK,2025-12-01 00:00:00,Kompletthet,Ventetid slutt ikke registrert,1848,1884,98.09
MED,2025-12-01 00:00:00,Kompletthet,Ventetid slutt ikke registrert,1826,1871,97.59
TSB,2022-10-01 00:00:00,Kompletthet,Ventetid slutt ikke registrert,267,1053,25.36
REH,2024-05-01 00:00:00,Kompletthet,Ventetid slutt ikke registrert,153,1080,14.17
TSB,2024-05-01 00:00:00,Kompletthet,Ventetid slutt ikke registrert,232,1047,22.16
TSB,2025-11-01 00:00:00,Kompletthet,Ventetid slutt ikke registrert,802,1047,76.6
MED,2022-07-01 00:00:00,Kompletthet,Ventetid slutt ikke registrert,97,1107,8.76
REH,2024-07-01 00:00:00,Kompletthet,Ventetid slutt ikke registrert,151,1046,14.44
DPS,2023-09-01 00:00:00,Kompletthet,Ventetid slutt ikke registrert,128,989,12.94
ORT,2025-05-01 00:00:00,Kompletthet,Ventetid slutt ikke registrert,66,1043,6.33
REH,2025-11-01 00:00:00,Kompletthet,Ventetid slutt ikke registrert,747,1023,73.02
ORT,2023-11-01 00:00:00,Kompletthet,Ventetid slutt ikke registrert,80,1018,7.86
ORT,2025-08-01 00:00:00,Kompletthet,Ventetid slutt ikke registrert,176,1048,16.79
TSB,2025-01-01 00:00:00,Kompletthet,Ventetid slutt ikke registrert,217,1038,20.91
ONK,2022-11-01 00:00:00,Kompletthet,Ventetid slutt ikke registrert,16,1001,1.6
DPS,2022-04-01 00:00:00,Kompletthet,Ventetid slutt ikke registrert,132,1029,12.83
REH,2024-08-01 00:00:00,Kompletthet,Ventetid slutt ikke registrert,156,1051,14.84
ONK,2022-07-01 00:00:00,Kompletthet,Ventetid slutt ikke registrert,25,1082,2.31
BUP,2024-10-01 00:00:00,Kompletthet,Ventetid slutt ikke registrert,217,1041,20.85
ORT,2025-03-01 00:00:00,Kompletthet,Ventetid slutt ikke registrert,93,1077,8.64
REH,2025-01-01 00:00:00,Kompletthet,Ventetid slutt ikke registrert,130,1063,12.23
REH,2022-10-01 00:00:00,Kompletthet,Ventetid slutt ikke registrert,164,1095,14.98
KIR,2025-10-01 00:00:00,Kompletthet,Ventetid slutt ikke registrert,462,1102,41.92
TSB,2023-04-01 00:00:00,Kompletthet,Ventetid slutt ikke registrert,215,991,21.7
MED,2022-11-01 00:00:00,Kompletthet,Ventetid slutt ikke registrert,99,1058,9.36
MED,2024-04-01 00:00:00,Kompletthet,Ventetid slutt ikke registrert,78,1041,7.49
ORT,2024-02-01 00:00:00,Kompletthet,Ventetid slutt ikke registrert,86,1059,8.12
KIR,2022-02-01 00:00:00,Kompletthet,Ventetid slutt ikke registrert,61,946,6.45
ONK,2023-12-01 00:00:00,Kompletthet,Ventetid slutt ikke registrert,48,1883,2.55
MED,2023-12-01 00:00:00,Kompletthet,Ventetid slutt ikke registrert,188,1857,10.12
DPS,2025-07-01 00:00:00,Kompletthet,Ventetid slutt ikke registrert,154,1061,14.51
ORT,2022-09-01 00:00:00,Kompletthet,Ventetid slutt ikke registrert,95,1050,9.05
KIR,2024-01-01 00:00:00,Kompletthet,Ventetid slutt ikke registrert,87,1039,8.37
ORT,2023-02-01 00:00:00,Kompletthet,Ventetid slutt ikke registrert,68,980,6.94
DPS,2023-10-01 00:00:00,Kompletthet,Ventetid slutt ikke registrert,114,1062,10.73
BUP,2022-06-01 00:00:00,Kompletthet,Ventetid slutt ikke registrert,215,1029,20.89
ONK,2024-04-01 00:00:00,Kompletthet,Ventetid slutt ikke registrert,14,1022,1.37
BUP,2022-03-01 00:00:00,Kompletthet,Ventetid slutt ikke registrert,210,1036,20.27
KIR,2024-03-01 00:00:00,Kompletthet,Ventetid slutt ikke registrert,87,1046,8.32
ORT,2023-07-01 00:00:00,Kompletthet,Ventetid slutt ikke registrert,82,1072,7.65
TSB,2023-03-01 00:00:00,Kompletthet,Ventetid slutt ikke registrert,246,1080,22.78
ORT,2024-11-01 00:00:00,Kompletthet,Ventetid slutt ikke registrert,69,941,7.33
REH,2023-03-01 00:00:00,Kompletthet,Ventetid slutt ikke registrert,138,1088,12.68
DPS,2022-08-01 00:00:00,Kompletthet,Ventetid slutt ikke registrert,101,1021,9.89
KIR,2025-06-01 00:00:00,Kompletthet,Ventetid slutt ikke registrert,88,1048,8.4
BUP,2024-06-01 00:00:00,Kompletthet,Ventetid slutt ikke registrert,200,1019,19.63
KIR,2025-04-01 00:00:00,Kompletthet,Ventetid slutt ikke registrert,71,973,7.3
REH,2022-09-01 00:00:00,Kompletthet,Ventetid slutt ikke registrert,150,1070,14.02
REH,2023-07-01 00:00:00,Kompletthet,Ventetid slutt ikke registrert,161,1088,14.8
KIR,2023-05-01 00:00:00,Kompletthet,Ventetid slutt ikke registrert,94,1106,8.5
KIR,2022-12-01 00:00:00,Kompletthet,Ventetid slutt ikke registrert,136,1852,7.34
TSB,2024-11-01 00:00:00,Kompletthet,Ventetid slutt ikke registrert,266,1068,24.91
REH,2023-02-01 00:00:00,Kompletthet,Ventetid slutt ikke registrert,127,923,13.76
KIR,2023-06-01 00:00:00,Kompletthet,Ventetid slutt ikke registrert,79,1072,7.37
BUP,2022-11-01 00:00:00,Kompletthet,Ventetid slutt ikke registrert,219,1072,20.43
REH,2024-11-01 00:00:00,Kompletthet,Ventetid slutt ikke registrert,131,1039,12.61
KIR,2024-09-01 00:00:00,Kompletthet,Ventetid slutt ikke registrert,84,1054,7.97
TSB,2022-09-01 00:00:00,Kompletthet,Ventetid slutt ikke registrert,234,1011,23.15
ORT,2023-03-01 00:00:00,Kompletthet,Ventetid slutt ikke registrert,105,1089,9.64
TSB,2023-07-01 00:00:00,Kompletthet,Ventetid slutt ikke registrert,255,1028,24.81
TSB,2024-02-01 00:00:00,Kompletthet,Ventetid slutt ikke registrert,224,1029,21.77
BUP,2022-07-01 00:00:00,Kompletthet,Ventetid slutt ikke registrert,200,1012,19.76
MED,2024-10-01 00:00:00,Kompletthet,Ventetid slutt ikke registrert,86,1049,8.2
ONK,2024-10-01 00:00:00,Kompletthet,Ventetid slutt ikke registrert,24,1080,2.22
DPS,2025-02-01 00:00:00,Kompletthet,Ventetid slutt ikke registrert,114,965,11.81
BUP,2025-12-01 00:00:00,Kompletthet,Ventetid slutt ikke registrert,1917,1952,98.21
TSB,2023-02-01 00:00:00,Kompletthet,Ventetid slutt ikke registrert,232,953,24.34
REH,2024-02-01 00:00:00,Kompletthet,Ventetid slutt ikke registrert,151,980,15.41
KIR,2023-01-01 00:00:00,Kompletthet,Ventetid slutt ikke registrert,77,1033,7.45
REH,2025-02-01 00:00:00,Kompletthet,Ventetid slutt ikke registrert,136,867,15.69
BUP,2022-02-01 00:00:00,Kompletthet,Ventetid slutt ikke registrert,185,932,19.85
ONK,2025-09-01 00:00:00,Kompletthet,Ventetid slutt ikke registrert,214,1020,20.98
ORT,2022-08-01 00:00:00,Kompletthet,Ventetid slutt ikke registrert,81,1040,7.79
DPS,2023-07-01 00:00:00,Kompletthet,Ventetid slutt ikke registrert,113,1042,10.84
BUP,2024-03-01 00:00:00,Kompletthet,Ventetid slutt ikke registrert,211,1080,19.54
BUP,2024-01-01 00:00:00,Kompletthet,Ventetid slutt ikke registrert,225,1054,21.35
KIR,2022-06-01 00:00:00,Kompletthet,Ventetid slutt ikke registrert,65,967,6.72
ORT,2025-07-01 00:00:00,Kompletthet,Ventetid slutt ikke registrert,98,997,9.83
MED,2025-09-01 00:00:00,Kompletthet,Ventetid slutt ikke registrert,302,1036,29.15
DPS,2022-09-01 00:00:00,Kompletthet,Ventetid slutt ikke registrert,118,1062,11.11
TSB,2025-02-01 00:00:00,Kompletthet,Ventetid slutt ikke registrert,199,957,20.79
BUP,2025-06-01 00:00:00,Kompletthet,Ventetid slutt ikke registrert,210,1042,20.15
KIR,2022-03-01 00:00:00,Kompletthet,Ventetid slutt ikke registrert,68,1065,6.38
DPS,2023-02-01 00:00:00,Kompletthet,Ventetid slutt ikke registrert,105,929,11.3
DPS,2024-02-01 00:00:00,Kompletthet,Ventetid slutt ikke registrert,115,973,11.82
ORT,2023-10-01 00:00:00,Kompletthet,Ventetid slutt ikke registrert,89,1127,7.9
KIR,2024-06-01 00:00:00,Kompletthet,Ventetid slutt ikke registrert,69,1062,6.5
DPS,2024-11-01 00:00:00,Kompletthet,Ventetid slutt ikke registrert,108,1058,10.21
ONK,2025-03-01 00:00:00,Kompletthet,Ventetid slutt ikke registrert,23,1057,2.18
MED,2025-03-01 00:00:00,Kompletthet,Ventetid slutt ikke registrert,102,1060,9.62
ONK,2025-08-01 00:00:00,Kompletthet,Ventetid slutt ikke registrert,125,1066,11.73
KIR,2025-02-01 00:00:00,Kompletthet,Ventetid slutt ikke registrert,66,937,7.04
DPS,2022-12-01 00:00:00,Kompletthet,Ventetid slutt ikke registrert,220,1876,11.73
DPS,2023-06-01 00:00:00,Kompletthet,Ventetid slutt ikke registrert,110,1052,10.46
MED,2023-08-01 00:00:00,Kompletthet,Ventetid slutt ikke registrert,103,1072,9.61
DPS,2024-09-01 00:00:00,Kompletthet,Ventetid slutt ikke registrert,102,1047,9.74
TSB,2022-03-01 00:00:00,Kompletthet,Ventetid slutt ikke registrert,216,978,22.09
MED,2024-12-01 00:00:00,Kompletthet,Ventetid slutt ikke registrert,208,1965,10.59
TSB,2022-06-01 00:00:00,Kompletthet,Ventetid slutt ikke registrert,214,1003,21.34
DPS,2023-05-01 00:00:00,Kompletthet,Ventetid slutt ikke registrert,112,1074,10.43
DPS,2025-04-01 00:00:00,Kompletthet,Ventetid slutt ikke registrert,118,1089,10.84
ORT,2022-07-01 00:00:00,Kompletthet,Ventetid slutt ikke registrert,88,1099,8.01
ONK,2023-08-01 00:00:00,Kompletthet,Ventetid slutt ikke registrert,20,1120,1.79
TSB,2024-06-01 00:00:00,Kompletthet,Ventetid slutt ikke registrert,224,1017,22.03
MED,2025-08-01 00:00:00,Kompletthet,Ventetid slutt ikke registrert,202,1079,18.72
ORT,2022-11-01 00:00:00,Kompletthet,Ventetid slutt ikke registrert,81,1031,7.86
ONK,2025-05-01 00:00:00,Kompletthet,Ventetid slutt ikke registrert,42,1111,3.78
MED,2023-11-01 00:00:00,Kompletthet,Ventetid slutt ikke registrert,83,1012,8.2
REH,2024-06-01 00:00:00,Kompletthet,Ventetid slutt ikke registrert,137,1017,13.47
REH,2022-06-01 00:00:00,Kompletthet,Ventetid slutt ikke registrert,162,971,16.68
REH,2022-03-01 00:00:00,Kompletthet,Ventetid slutt ikke registrert,157,1055,14.88
ONK,2024-12-01 00:00:00,Kompletthet,Ventetid slutt ikke registrert,40,1938,2.06
BUP,2023-03-01 00:00:00,Kompletthet,Ventetid slutt ikke registrert,218,1058,20.6
MED,2025-05-01 00:00:00,Kompletthet,Ventetid slutt ikke registrert,84,1023,8.21
DPS,2023-01-01 00:00:00,Kompletthet,Ventetid slutt ikke registrert,131,1093,11.99
ORT,2025-12-01 00:00:00,Kompletthet,Ventetid slutt ikke registrert,1811,1856,97.58
ONK,2023-11-01 00:00:00,Kompletthet,Ventetid slutt ikke registrert,22,1043,2.11
REH,2023-12-01 00:00:00,Kompletthet,Ventetid slutt ikke registrert,302,1885,16.02
REH,2024-04-01 00:00:00,Kompletthet,Ventetid slutt ikke registrert,140,1020,13.73
BUP,2023-11-01 00:00:00,Kompletthet,Ventetid slutt ikke registrert,199,1038,19.17
BUP,2025-03-01 00:00:00,Kompletthet,Ventetid slutt ikke registrert,232,1067,21.74
BUP,2024-12-01 00:00:00,Kompletthet,Ventetid slutt ikke registrert,377,1839,20.5
KIR,2022-04-01 00:00:00,Kompletthet,Ventetid slutt ikke registrert,82,981,8.36
KIR,2023-09-01 00:00:00,Kompletthet,Ventetid slutt ikke registrert,78,995,7.84
MED,2023-03-01 00:00:00,Kompletthet,Ventetid slutt ikke registrert,88,1045,8.42
TSB,2023-12-01 00:00:00,Kompletthet,Ventetid slutt ikke registrert,430,1882,22.85
BUP,2023-08-01 00:00:00,Kompletthet,Ventetid slutt ikke registrert,226,1088,20.77
BUP,2025-05-01 00:00:00,Kompletthet,Ventetid slutt ikke registrert,230,1094,21.02
ORT,2024-10-01 00:00:00,Kompletthet,Ventetid slutt ikke registrert,110,1089,10.1
TSB,2024-04-01 00:00:00,Kompletthet,Ventetid slutt ikke registrert,260,1037,25.07
DPS,2025-10-01 00:00:00,Kompletthet,Ventetid slutt ikke registrert,436,1051,41.48
ONK,2023-03-01 00:00:00,Kompletthet,Ventetid slutt ikke registrert,28,1149,2.44
BUP,2025-08-01 00:00:00,Kompletthet,Ventetid slutt ikke registrert,311,1101,28.25
MED,2023-04-01 00:00:00,Kompletthet,Ventetid slutt ikke registrert,99,978,10.12
KIR,2022-08-01 00:00:00,Kompletthet,Ventetid slutt ikke registrert,85,1038,8.19
ONK,2023-04-01 00:00:00,Kompletthet,Ventetid slutt ikke registrert,23,1028,2.24
BUP,2023-07-01 00:00:00,Kompletthet,Ventetid slutt ikke registrert,214,1087,19.69
BUP,2022-09-01 00:00:00,Kompletthet,Ventetid slutt ikke registrert,219,1073,20.41
ONK,2024-07-01 00:00:00,Kompletthet,Ventetid slutt ikke registrert,26,1069,2.43
KIR,2023-10-01 00:00:00,Kompletthet,Ventetid slutt ikke registrert,80,1058,7.56
ONK,2025-01-01 00:00:00,Kompletthet,Ventetid slutt ikke registrert,30,1133,2.65
REH,2022-11-01 00:00:00,Kompletthet,Ventetid slutt ikke registrert,150,1015,14.78
MED,2025-01-01 00:00:00,Kompletthet,Ventetid slutt ikke registrert,99,1129,8.77
MED,2024-08-01 00:00:00,Kompletthet,Ventetid slutt ikke registrert,75,1048,7.16
TSB,2025-12-01 00:00:00,Kompletthet,Ventetid slutt ikke registrert,1828,1860,98.28
ORT,2022-03-01 00:00:00,Kompletthet,Ventetid slutt ikke registrert,76,1035,7.34
ONK,2024-08-01 00:00:00,Kompletthet,Ventetid slutt ikke registrert,21,1007,2.09
BUP,2024-11-01 00:00:00,Kompletthet,Ventetid slutt ikke registrert,205,1012,20.26
ONK,2022-01-01 00:00:00,Kompletthet,Ventetid slutt ikke registrert,22,1064,2.07
MED,2025-11-01 00:00:00,Kompletthet,Ventetid slutt ikke registrert,738,1027,71.86
TSB,2022-07-01 00:00:00,Kompletthet,Ventetid slutt ikke registrert,234,1057,22.14
MED,2024-05-01 00:00:00,Kompletthet,Ventetid slutt ikke registrert,95,1042,9.12
MED,2022-01-01 00:00:00,Kompletthet,Ventetid slutt ikke registrert,81,1132,7.16
DPS,2024-01-01 00:00:00,Kompletthet,Ventetid slutt ikke registrert,117,1071,10.92
DPS,2024-03-01 00:00:00,Kompletthet,Ventetid slutt ikke registrert,103,1019,10.11
DPS,2022-02-01 00:00:00,Kompletthet,Ventetid slutt ikke registrert,111,963,11.53
MED,2022-10-01 00:00:00,Kompletthet,Ventetid slutt ikke registrert,89,1047,8.5
BUP,2024-02-01 00:00:00,Kompletthet,Ventetid slutt ikke registrert,225,978,23.01
ORT,2022-06-01 00:00:00,Kompletthet,Ventetid slutt ikke registrert,88,1004,8.76
ONK,2025-11-01 00:00:00,Kompletthet,Ventetid slutt ikke registrert,707,990,71.41
ORT,2024-06-01 00:00:00,Kompletthet,Ventetid slutt ikke registrert,88,1039,8.47
KIR,2025-07-01 00:00:00,Kompletthet,Ventetid slutt ikke registrert,108,1065,10.14
REH,2022-07-01 00:00:00,Kompletthet,Ventetid slutt ikke registrert,161,1072,15.02
DPS,2025-06-01 00:00:00,Kompletthet,Ventetid slutt ikke registrert,143,1026,13.94
TSB,2022-11-01 00:00:00,Kompletthet,Ventetid slutt ikke registrert,235,1045,22.49
ONK,2022-10-01 00:00:00,Kompletthet,Ventetid slutt ikke registrert,29,1050,2.76
REH,2025-12-01 00:00:00,Kompletthet,Ventetid slutt ikke registrert,1852,1877,98.67
BUP,2023-02-01 00:00:00,Kompletthet,Ventetid slutt ikke registrert,200,979,20.43
MED,2024-07-01 00:00:00,Kompletthet,Ventetid slutt ikke registrert,92,1110,8.29
ONK,2024-05-01 00:00:00,Kompletthet,Ventetid slutt ikke registrert,20,1115,1.79
TSB,2023-06-01 00:00:00,Kompletthet,Ventetid slutt ikke registrert,246,1038,23.7
TSB,2022-12-01 00:00:00,Kompletthet,Ventetid slutt ikke registrert,436,1800,24.22
REH,2024-09-01 00:00:00,Kompletthet,Ventetid slutt ikke registrert,143,1003,14.26
KIR,2024-11-01 00:00:00,Kompletthet,Ventetid slutt ikke registrert,75,1013,7.4
DPS,2024-06-01 00:00:00,Kompletthet,Ventetid slutt ikke registrert,124,1053,11.78
KIR,2023-02-01 00:00:00,Kompletthet,Ventetid slutt ikke registrert,75,989,7.58
BUP,2023-10-01 00:00:00,Kompletthet,Ventetid slutt ikke registrert,218,1045,20.86
MED,2022-05-01 00:00:00,Kompletthet,Ventetid slutt ikke registrert,86,1041,8.26
DPS,2022-03-01 00:00:00,Kompletthet,Ventetid slutt ikke registrert,102,1083,9.42
REH,2023-01-01 00:00:00,Kompletthet,Ventetid slutt ikke registrert,156,1087,14.35
KIR,2024-02-01 00:00:00,Kompletthet,Ventetid slutt ikke registrert,90,1001,8.99
BUP,2025-07-01 00:00:00,Kompletthet,Ventetid slutt ikke registrert,251,1028,24.42
TSB,2024-09-01 00:00:00,Kompletthet,Ventetid slutt ikke registrert,214,1005,21.29
REH,2022-12-01 00:00:00,Kompletthet,Ventetid slutt ikke registrert,259,1802,14.37
TSB,2023-05-01 00:00:00,Kompletthet,Ventetid slutt ikke registrert,249,1057,23.56
ORT,2022-02-01 00:00:00,Kompletthet,Ventetid slutt ikke registrert,91,950,9.58
KIR,2023-07-01 00:00:00,Kompletthet,Ventetid slutt ikke registrert,80,1051,7.61
KIR,2022-09-01 00:00:00,Kompletthet,Ventetid slutt ikke registrert,72,1052,6.84
REH,2023-06-01 00:00:00,Kompletthet,Ventetid slutt ikke registrert,142,1043,13.61
ONK,2022-05-01 00:00:00,Kompletthet,Ventetid slutt ikke registrert,23,1071,2.15
REH,2023-05-01 00:00:00,Kompletthet,Ventetid slutt ikke registrert,154,1043,14.77
TSB,2023-01-01 00:00:00,Kompletthet,Ventetid slutt ikke registrert,243,1075,22.6
REH,2025-04-01 00:00:00,Kompletthet,Ventetid slutt ikke registrert,136,1059,12.84
ORT,2024-01-01 00:00:00,Kompletthet,Ventetid slutt ikke registrert,92,1089,8.45
TSB,2025-04-01 00:00:00,Kompletthet,Ventetid slutt ikke registrert,253,1052,24.05
ORT,2024-03-01 00:00:00,Kompletthet,Ventetid slutt ikke registrert,89,1024,8.69
BUP,2022-08-01 00:00:00,Kompletthet,Ventetid slutt ikke registrert,235,1084,21.68
ORT,2025-06-01 00:00:00,Kompletthet,Ventetid slutt ikke registrert,79,1016,7.78
DPS,2022-06-01 00:00:00,Kompletthet,Ventetid slutt ikke registrert,122,1027,11.88
MED,2023-05-01 00:00:00,Kompletthet,Ventetid slutt ikke registrert,93,1079,8.62
DPS,2023-11-01 00:00:00,Kompletthet,Ventetid slutt ikke registrert,112,1005,11.14
ONK,2022-12-01 00:00:00,Kompletthet,Ventetid slutt ikke registrert,37,1840,2.01
DPS,2025-05-01 00:00:00,Kompletthet,Ventetid slutt ikke registrert,127,1059,11.99
MED,2023-01-01 00:00:00,Kompletthet,Ventetid slutt ikke registrert,98,1084,9.04
ONK,2024-09-01 00:00:00,Kompletthet,Ventetid slutt ikke registrert,24,1072,2.24
MED,2025-04-01 00:00:00,Kompletthet,Ventetid slutt ikke registrert,100,1007,9.93
DPS,2023-08-01 00:00:00,Kompletthet,Ventetid slutt ikke registrert,101,1077,9.38
MED,2024-09-01 00:00:00,Kompletthet,Ventetid slutt ikke registrert,82,1017,8.06
TSB,2022-05-01 00:00:00,Kompletthet,Ventetid slutt ikke registrert,232,1072,21.64
ONK,2023-01-01 00:00:00,Kompletthet,Ventetid slutt ikke registrert,21,1099,1.91
KIR,2024-10-01 00:00:00,Kompletthet,Ventetid slutt ikke registrert,85,1060,8.02
ONK,2023-06-01 00:00:00,Kompletthet,Ventetid slutt ikke registrert,21,1088,1.93
DPS,2025-03-01 00:00:00,Kompletthet,Ventetid slutt ikke registrert,119,1026,11.6
MED,2023-06-01 00:00:00,Kompletthet,Ventetid slutt ikke registrert,111,967,11.48
MED,2022-12-01 00:00:00,Kompletthet,Ventetid slutt ikke registrert,176,1853,9.5
DPS,2024-12-01 00:00:00,Kompletthet,Ventetid slutt ikke registrert,200,1789,11.18
ORT,2023-09-01 00:00:00,Kompletthet,Ventetid slutt ikke registrert,77,1010,7.62
ONK,2023-05-01 00:00:00,Kompletthet,Ventetid slutt ikke registrert,22,1087,2.02
REH,2022-05-01 00:00:00,Kompletthet,Ventetid slutt ikke registrert,152,1040,14.62
DPS,2025-08-01 00:00:00,Kompletthet,Ventetid slutt ikke registrert,202,1050,19.24
ORT,2022-04-01 00:00:00,Kompletthet,Ventetid slutt ikke registrert,82,1070,7.66
ONK,2025-04-01 00:00:00,Kompletthet,Ventetid slutt ikke registrert,16,1034,1.55
BUP,2025-10-01 00:00:00,Kompletthet,Ventetid slutt ikke registrert,535,1039,51.49
ORT,2024-09-01 00:00:00,Kompletthet,Ventetid slutt ikke registrert,87,1028,8.46
ORT,2023-05-01 00:00:00,Kompletthet,Ventetid slutt ikke registrert,76,1041,7.3
DPS,2022-11-01 00:00:00,Kompletthet,Ventetid slutt ikke registrert,114,1026,11.11
REH,2025-06-01 00:00:00,Kompletthet,Ventetid slutt ikke registrert,167,1023,16.32
DPS,2022-07-01 00:00:00,Kompletthet,Ventetid slutt ikke registrert,134,1107,12.1
ORT,2025-04-01 00:00:00,Kompletthet,Ventetid slutt ikke registrert,79,1051,7.52
TSB,2024-01-01 00:00:00,Kompletthet,Ventetid slutt ikke registrert,265,1081,24.51
REH,2024-01-01 00:00:00,Kompletthet,Ventetid slutt ikke registrert,140,1040,13.46
REH,2022-02-01 00:00:00,Kompletthet,Ventetid slutt ikke registrert,143,932,15.34
MED,2022-04-01 00:00:00,Kompletthet,Ventetid slutt ikke registrert,86,1000,8.6
TSB,2022-02-01 00:00:00,Kompletthet,Ventetid slutt ikke registrert,202,933,21.65
TSB,2025-06-01 00:00:00,Kompletthet,Ventetid slutt ikke registrert,257,1003,25.62
DPS,2025-12-01 00:00:00,Kompletthet,Ventetid slutt ikke registrert,1923,1963,97.96
ONK,2023-09-01 00:00:00,Kompletthet,Ventetid slutt ikke registrert,19,1018,1.87
ORT,2023-01-01 00:00:00,Kompletthet,Ventetid slutt ikke registrert,90,1039,8.66
KIR,2023-03-01 00:00:00,Kompletthet,Ventetid slutt ikke registrert,79,1098,7.19
TSB,2024-03-01 00:00:00,Kompletthet,Ventetid slutt ikke registrert,216,1057,20.44
REH,2024-03-01 00:00:00,Kompletthet,Ventetid slutt ikke registrert,149,1037,14.37
ORT,2023-06-01 00:00:00,Kompletthet,Ventetid slutt ikke registrert,72,978,7.36
ORT,2022-12-01 00:00:00,Kompletthet,Ventetid slutt ikke registrert,156,1877,8.31
ONK,2022-04-01 00:00:00,Kompletthet,Ventetid slutt ikke registrert,23,981,2.34
MED,2023-09-01 00:00:00,Kompletthet,Ventetid slutt ikke registrert,84,1036,8.11
BUP,2025-02-01 00:00:00,Kompletthet,Ventetid slutt ikke registrert,186,962,19.33
KIR,2025-05-01 00:00:00,Kompletthet,Ventetid slutt ikke registrert,84,1065,7.89
BUP,2023-09-01 00:00:00,Kompletthet,Ventetid slutt ikke registrert,195,1019,19.14
KIR,2025-08-01 00:00:00,Kompletthet,Ventetid slutt ikke registrert,167,1056,15.81
KIR,2024-12-01 00:00:00,Kompletthet,Ventetid slutt ikke registrert,130,1886,6.89
MED,2025-02-01 00:00:00,Kompletthet,Ventetid slutt ikke registrert,77,922,8.35
TSB,2025-09-01 00:00:00,Kompletthet,Ventetid slutt ikke registrert,416,1048,39.69
KIR,2023-11-01 00:00:00,Kompletthet,Ventetid slutt ikke registrert,70,1002,6.99
DPS,2024-10-01 00:00:00,Kompletthet,Ventetid slutt ikke registrert,106,1048,10.11
ONK,2025-02-01 00:00:00,Kompletthet,Ventetid slutt ikke registrert,21,913,2.3
KIR,2025-03-01 00:00:00,Kompletthet,Ventetid slutt ikke registrert,72,1012,7.11
ORT,2025-10-01 00:00:00,Kompletthet,Ventetid slutt ikke registrert,427,1039,41.1
REH,2025-09-01 00:00:00,Kompletthet,Ventetid slutt ikke registrert,344,1048,32.82
KIR,2023-08-01 00:00:00,Kompletthet,Ventetid slutt ikke registrert,89,1054,8.44
BUP,2022-04-01 00:00:00,Kompletthet,Ventetid slutt ikke registrert,210,1051,19.98
ORT,2022-05-01 00:00:00,Kompletthet,Ventetid slutt ikke registrert,85,1035,8.21
DPS,2024-08-01 00:00:00,Kompletthet,Ventetid slutt ikke registrert,118,1064,11.09
DPS,2023-04-01 00:00:00,Kompletthet,Ventetid slutt ikke registrert,120,1009,11.89
DPS,2024-07-01 00:00:00,Kompletthet,Ventetid slutt ikke registrert,127,1094,11.61
DPS,2025-11-01 00:00:00,Kompletthet,Ventetid slutt ikke registrert,784,1092,71.79
MED,2024-01-01 00:00:00,Kompletthet,Ventetid slutt ikke registrert,91,1041,8.74
REH,2023-09-01 00:00:00,Kompletthet,Ventetid slutt ikke registrert,159,1018,15.62
ONK,2024-03-01 00:00:00,Kompletthet,Ventetid slutt ikke registrert,24,1097,2.19
DPS,2022-10-01 00:00:00,Kompletthet,Ventetid slutt ikke registrert,125,1051,11.89
ONK,2024-01-01 00:00:00,Kompletthet,Ventetid slutt ikke registrert,17,1016,1.67
BUP,2025-09-01 00:00:00,Kompletthet,Ventetid slutt ikke registrert,355,1009,35.18
DPS,2025-01-01 00:00:00,Kompletthet,Ventetid slutt ikke registrert,142,1088,13.05
KIR,2023-12-01 00:00:00,Kompletthet,Ventetid slutt ikke registrert,133,1919,6.93
TSB,2023-09-01 00:00:00,Kompletthet,Ventetid slutt ikke registrert,238,1074,22.16
TSB,2022-04-01 00:00:00,Kompletthet,Ventetid slutt ikke registrert,254,1012,25.1
DPS,2022-01-01 00:00:00,Kompletthet,Ventetid slutt ikke registrert,128,1058,12.1
MED,2022-02-01 00:00:00,Kompletthet,Ventetid slutt ikke registrert,88,1028,8.56
KIR,2024-04-01 00:00:00,Kompletthet,Ventetid slutt ikke registrert,75,1016,7.38
DPS,2024-05-01 00:00:00,Kompletthet,Ventetid slutt ikke registrert,116,1119,10.37
MED,2024-03-01 00:00:00,Kompletthet,Ventetid slutt ikke registrert,92,1037,8.87
ONK,2025-06-01 00:00:00,Kompletthet,Ventetid slutt ikke registrert,40,1017,3.93
REH,2022-04-01 00:00:00,Kompletthet,Ventetid slutt ikke registrert,164,1005,16.32
MED,2025-06-01 00:00:00,Kompletthet,Ventetid slutt ikke registrert,97,1025,9.46
ONK,2022-02-01 00:00:00,Kompletthet,Ventetid slutt ikke registrert,15,969,1.55
MED,2022-08-01 00:00:00,Kompletthet,Ventetid slutt ikke registrert,97,1034,9.38
KIR,2022-01-01 00:00:00,Kompletthet,Ventetid slutt ikke registrert,79,1179,6.7
MED,2025-07-01 00:00:00,Kompletthet,Ventetid slutt ikke registrert,163,1097,14.86
MED,2023-10-01 00:00:00,Kompletthet,Ventetid slutt ikke registrert,97,1031,9.41
KIR,2022-10-01 00:00:00,Kompletthet,Ventetid slutt ikke registrert,60,1020,5.88
ONK,2025-07-01 00:00:00,Kompletthet,Ventetid slutt ikke registrert,53,1074,4.93
DPS,2023-12-01 00:00:00,Kompletthet,Ventetid slutt ikke registrert,183,1825,10.03
KIR,2025-01-01 00:00:00,Kompletthet,Ventetid slutt ikke registrert,79,1037,7.62
KIR,2024-07-01 00:00:00,Kompletthet,Ventetid slutt ikke registrert,75,1044,7.18
KIR,2025-11-01 00:00:00,Kompletthet,Ventetid slutt ikke registrert,744,1042,71.4
ONK,2023-10-01 00:00:00,Kompletthet,Ventetid slutt ikke registrert,19,1065,1.78
KIR,2024-05-01 00:00:00,Kompletthet,Ventetid slutt ikke registrert,98,1028,9.53
BUP,2022-05-01 00:00:00,Kompletthet,Ventetid slutt ikke registrert,233,1132,20.58
DPS,2024-04-01 00:00:00,Kompletthet,Ventetid slutt ikke registrert,102,1046,9.75
REH,2025-10-01 00:00:00,Kompletthet,Ventetid slutt ikke registrert,537,1070,50.19
ORT,2025-09-01 00:00:00,Kompletthet,Ventetid slutt ikke registrert,271,978,27.71
ONK,2022-08-01 00:00:00,Kompletthet,Ventetid slutt ikke registrert,24,1081,2.22
KIR,2023-04-01 00:00:00,Kompletthet,Ventetid slutt ikke registrert,92,981,9.38
TSB,2025-10-01 00:00:00,Kompletthet,Ventetid slutt ikke registrert,560,1070,52.34
KIR,2024-08-01 00:00:00,Kompletthet,Ventetid slutt ikke registrert,86,1089,7.9
BUP,2023-12-01 00:00:00,Kompletthet,Ventetid slutt ikke registrert,353,1827,19.32
REH,2025-03-01 00:00:00,Kompletthet,Ventetid slutt ikke registrert,159,1040,15.29
ORT,2022-01-01 00:00:00,Kompletthet,Ventetid slutt ikke registrert,89,1081,8.23
TSB,2023-11-01 00:00:00,Kompletthet,Ventetid slutt ikke registrert,239,1088,21.97
ORT,2025-01-01 00:00:00,Kompletthet,Ventetid slutt ikke registrert,105,1063,9.88
TSB,2025-08-01 00:00:00,Kompletthet,Ventetid slutt ikke registrert,329,1038,31.7
MED,2022-03-01 00:00:00,Kompletthet,Ventetid slutt ikke registrert,98,1037,9.45
KIR,2025-09-01 00:00:00,Kompletthet,Ventetid slutt ikke registrert,277,1057,26.21
REH,2023-11-01 00:00:00,Kompletthet,Ventetid slutt ikke registrert,144,1030,13.98
DPS,2022-05-01 00:00:00,Kompletthet,Ventetid slutt ikke registrert,113,1060,10.66
REH,2025-08-01 00:00:00,Kompletthet,Ventetid slutt ikke registrert,263,1090,24.13
ONK,2022-06-01 00:00:00,Kompletthet,Ventetid slutt ikke registrert,30,1048,2.86
REH,2023-08-01 00:00:00,Kompletthet,Ventetid slutt ikke registrert,145,1063,13.64
TSB,2024-12-01 00:00:00,Kompletthet,Ventetid slutt ikke registrert,452,1881,24.03
REH,2024-12-01 00:00:00,Kompletthet,Ventetid slutt ikke registrert,261,1903,13.72
REH,2025-05-01 00:00:00,Kompletthet,Ventetid slutt ikke registrert,161,1029,15.65
MED,2022-06-01 00:00:00,Kompletthet,Ventetid slutt ikke registrert,94,1046,8.99
TSB,2025-03-01 00:00:00,Kompletthet,Ventetid slutt ikke registrert,274,1063,25.78
ORT,2022-10-01 00:00:00,Kompletthet,Ventetid slutt ikke registrert,107,1070,10.0
ORT,2025-11-01 00:00:00,Kompletthet,Ventetid slutt ikke registrert,773,1061,72.86
ORT,2024-08-01 00:00:00,Kompletthet,Ventetid slutt ikke registrert,96,1036,9.27
TSB,2025-05-01 00:00:00,Kompletthet,Ventetid slutt ikke registrert,252,1063,23.71
ORT,2023-04-01 00:00:00,Kompletthet,Ventetid slutt ikke registrert,74,1010,7.33
ORT,2024-05-01 00:00:00,Kompletthet,Ventetid slutt ikke registrert,84,987,8.51
TSB,2023-08-01 00:00:00,Kompletthet,Ventetid slutt ikke registrert,230,1037,22.18
MED,2024-06-01 00:00:00,Kompletthet,Ventetid slutt ikke registrert,100,1053,9.5
ORT,2024-07-01 00:00:00,Kompletthet,Ventetid slutt ikke registrert,95,1076,8.83
ONK,2024-06-01 00:00:00,Kompletthet,Ventetid slutt ikke registrert,17,985,1.73
BUP,2024-04-01 00:00:00,Kompletthet,Ventetid slutt ikke registrert,221,1042,21.21
ONK,2022-03-01 00:00:00,Kompletthet,Ventetid slutt ikke registrert,24,1091,2.2
MED,2023-02-01 00:00:00,Kompletthet,Ventetid slutt ikke registrert,88,970,9.07
MED,2023-07-01 00:00:00,Kompletthet,Ventetid slutt ikke registrert,105,1078,9.74
ORT,2023-12-01 00:00:00,Kompletthet,Ventetid slutt ikke registrert,151,1870,8.07
BUP,2022-01-01 00:00:00,Kompletthet,Ventetid slutt ikke registrert,233,1085,21.47
ONK,2024-11-01 00:00:00,Kompletthet,Ventetid slutt ikke registrert,27,1025,2.63
KIR,2022-05-01 00:00:00,Kompletthet,Ventetid slutt ikke registrert,66,1052,6.27
TSB,2024-10-01 00:00:00,Kompletthet,Ventetid slutt ikke registrert,237,1032,22.97
ONK,2023-07-01 00:00:00,Kompletthet,Ventetid slutt ikke registrert,15,1037,1.45
BUP,2025-01-01 00:00:00,Kompletthet,Ventetid slutt ikke registrert,218,1120,19.46
MED,2024-11-01 00:00:00,Kompletthet,Ventetid slutt ikke registrert,114,1066,10.69
BUP,2022-10-01 00:00:00,Kompletthet,Ventetid slutt ikke registrert,205,1047,19.58
ONK,2022-09-01 00:00:00,Kompletthet,Ventetid slutt ikke registrert,21,1011,2.08
MED,2022-09-01 00:00:00,Kompletthet,Ventetid slutt ikke registrert,88,1035,8.5
BUP,2024-05-01 00:00:00,Kompletthet,Ventetid slutt ikke registrert,235,1083,21.7
ORT,2024-04-01 00:00:00,Kompletthet,Ventetid slutt ikke registrert,86,1026,8.38
ONK,2023-02-01 00:00:00,Kompletthet,Ventetid slutt ikke registrert,12,927,1.29
MED,2024-02-01 00:00:00,Kompletthet,Ventetid slutt ikke registrert,96,1051,9.13
BUP,2023-04-01 00:00:00,Kompletthet,Ventetid slutt ikke registrert,209,1025,20.39
BUP,2024-08-01 00:00:00,Kompletthet,Ventetid slutt ikke registrert,212,1038,20.42
DPS,2025-09-01 00:00:00,Kompletthet,Ventetid slutt ikke registrert,291,1007,28.9
REH,2024-10-01 00:00:00,Kompletthet,Ventetid slutt ikke registrert,143,1037,13.79
BUP,2025-11-01 00:00:00,Kompletthet,Ventetid slutt ikke registrert,800,1070,74.77
BUP,2024-07-01 00:00:00,Kompletthet,Ventetid slutt ikke registrert,238,1069,22.26
ONK,2024-02-01 00:00:00,Kompletthet,Ventetid slutt ikke registrert,24,993,2.42
BUP,2023-06-01 00:00:00,Aktualitet,Registrert i årsskiftevinduet 27.-31.12,0,1054,0.0
BUP,2025-04-01 00:00:00,Aktualitet,Registrert i årsskiftevinduet 27.-31.12,0,975,0.0
DPS,2023-03-01 00:00:00,Aktualitet,Registrert i årsskiftevinduet 27.-31.12,0,1086,0.0
ORT,2025-02-01 00:00:00,Aktualitet,Registrert i årsskiftevinduet 27.-31.12,0,903,0.0
TSB,2022-08-01 00:00:00,Aktualitet,Registrert i årsskiftevinduet 27.-31.12,0,1114,0.0
BUP,2023-01-01 00:00:00,Aktualitet,Registrert i årsskiftevinduet 27.-31.12,0,1121,0.0
KIR,2022-11-01 00:00:00,Aktualitet,Registrert i årsskiftevinduet 27.-31.12,0,1100,0.0
KIR,2025-12-01 00:00:00,Aktualitet,Registrert i årsskiftevinduet 27.-31.12,943,1830,51.53
REH,2022-08-01 00:00:00,Aktualitet,Registrert i årsskiftevinduet 27.-31.12,0,1041,0.0
BUP,2024-09-01 00:00:00,Aktualitet,Registrert i årsskiftevinduet 27.-31.12,0,1038,0.0
REH,2025-07-01 00:00:00,Aktualitet,Registrert i årsskiftevinduet 27.-31.12,0,1020,0.0
MED,2025-10-01 00:00:00,Aktualitet,Registrert i årsskiftevinduet 27.-31.12,0,1082,0.0
BUP,2022-12-01 00:00:00,Aktualitet,Registrert i årsskiftevinduet 27.-31.12,960,1836,52.29
ONK,2025-10-01 00:00:00,Aktualitet,Registrert i årsskiftevinduet 27.-31.12,0,1036,0.0
BUP,2023-05-01 00:00:00,Aktualitet,Registrert i årsskiftevinduet 27.-31.12,0,1038,0.0
TSB,2023-10-01 00:00:00,Aktualitet,Registrert i årsskiftevinduet 27.-31.12,0,1059,0.0
KIR,2022-07-01 00:00:00,Aktualitet,Registrert i årsskiftevinduet 27.-31.12,0,1069,0.0
TSB,2025-07-01 00:00:00,Aktualitet,Registrert i årsskiftevinduet 27.-31.12,0,1033,0.0
REH,2023-10-01 00:00:00,Aktualitet,Registrert i årsskiftevinduet 27.-31.12,0,1022,0.0
TSB,2022-01-01 00:00:00,Aktualitet,Registrert i årsskiftevinduet 27.-31.12,0,1089,0.0
TSB,2024-07-01 00:00:00,Aktualitet,Registrert i årsskiftevinduet 27.-31.12,0,1043,0.0
ORT,2024-12-01 00:00:00,Aktualitet,Registrert i årsskiftevinduet 27.-31.12,989,1859,53.2
TSB,2024-08-01 00:00:00,Aktualitet,Registrert i årsskiftevinduet 27.-31.12,0,1081,0.0
REH,2023-04-01 00:00:00,Aktualitet,Registrert i årsskiftevinduet 27.-31.12,0,1001,0.0
REH,2022-01-01 00:00:00,Aktualitet,Registrert i årsskiftevinduet 27.-31.12,0,1100,0.0
ORT,2023-08-01 00:00:00,Aktualitet,Registrert i årsskiftevinduet 27.-31.12,0,1076,0.0
ONK,2025-12-01 00:00:00,Aktualitet,Registrert i årsskiftevinduet 27.-31.12,1025,1884,54.41
MED,2025-12-01 00:00:00,Aktualitet,Registrert i årsskiftevinduet 27.-31.12,1005,1871,53.71
TSB,2022-10-01 00:00:00,Aktualitet,Registrert i årsskiftevinduet 27.-31.12,0,1053,0.0
REH,2024-05-01 00:00:00,Aktualitet,Registrert i årsskiftevinduet 27.-31.12,0,1080,0.0
TSB,2024-05-01 00:00:00,Aktualitet,Registrert i årsskiftevinduet 27.-31.12,0,1047,0.0
TSB,2025-11-01 00:00:00,Aktualitet,Registrert i årsskiftevinduet 27.-31.12,0,1047,0.0
MED,2022-07-01 00:00:00,Aktualitet,Registrert i årsskiftevinduet 27.-31.12,0,1107,0.0
REH,2024-07-01 00:00:00,Aktualitet,Registrert i årsskiftevinduet 27.-31.12,0,1046,0.0
DPS,2023-09-01 00:00:00,Aktualitet,Registrert i årsskiftevinduet 27.-31.12,0,989,0.0
ORT,2025-05-01 00:00:00,Aktualitet,Registrert i årsskiftevinduet 27.-31.12,0,1043,0.0
REH,2025-11-01 00:00:00,Aktualitet,Registrert i årsskiftevinduet 27.-31.12,0,1023,0.0
ORT,2023-11-01 00:00:00,Aktualitet,Registrert i årsskiftevinduet 27.-31.12,0,1018,0.0
ORT,2025-08-01 00:00:00,Aktualitet,Registrert i årsskiftevinduet 27.-31.12,0,1048,0.0
TSB,2025-01-01 00:00:00,Aktualitet,Registrert i årsskiftevinduet 27.-31.12,0,1038,0.0
ONK,2022-11-01 00:00:00,Aktualitet,Registrert i årsskiftevinduet 27.-31.12,0,1001,0.0
DPS,2022-04-01 00:00:00,Aktualitet,Registrert i årsskiftevinduet 27.-31.12,0,1029,0.0
REH,2024-08-01 00:00:00,Aktualitet,Registrert i årsskiftevinduet 27.-31.12,0,1051,0.0
ONK,2022-07-01 00:00:00,Aktualitet,Registrert i årsskiftevinduet 27.-31.12,0,1082,0.0
BUP,2024-10-01 00:00:00,Aktualitet,Registrert i årsskiftevinduet 27.-31.12,0,1041,0.0
ORT,2025-03-01 00:00:00,Aktualitet,Registrert i årsskiftevinduet 27.-31.12,0,1077,0.0
REH,2025-01-01 00:00:00,Aktualitet,Registrert i årsskiftevinduet 27.-31.12,0,1063,0.0
REH,2022-10-01 00:00:00,Aktualitet,Registrert i årsskiftevinduet 27.-31.12,0,1095,0.0
KIR,2025-10-01 00:00:00,Aktualitet,Registrert i årsskiftevinduet 27.-31.12,0,1102,0.0
TSB,2023-04-01 00:00:00,Aktualitet,Registrert i årsskiftevinduet 27.-31.12,0,991,0.0
MED,2022-11-01 00:00:00,Aktualitet,Registrert i årsskiftevinduet 27.-31.12,0,1058,0.0
MED,2024-04-01 00:00:00,Aktualitet,Registrert i årsskiftevinduet 27.-31.12,0,1041,0.0
ORT,2024-02-01 00:00:00,Aktualitet,Registrert i årsskiftevinduet 27.-31.12,0,1059,0.0
KIR,2022-02-01 00:00:00,Aktualitet,Registrert i årsskiftevinduet 27.-31.12,0,946,0.0
ONK,2023-12-01 00:00:00,Aktualitet,Registrert i årsskiftevinduet 27.-31.12,985,1883,52.31
MED,2023-12-01 00:00:00,Aktualitet,Registrert i årsskiftevinduet 27.-31.12,1006,1857,54.17
DPS,2025-07-01 00:00:00,Aktualitet,Registrert i årsskiftevinduet 27.-31.12,0,1061,0.0
ORT,2022-09-01 00:00:00,Aktualitet,Registrert i årsskiftevinduet 27.-31.12,0,1050,0.0
KIR,2024-01-01 00:00:00,Aktualitet,Registrert i årsskiftevinduet 27.-31.12,0,1039,0.0
ORT,2023-02-01 00:00:00,Aktualitet,Registrert i årsskiftevinduet 27.-31.12,0,980,0.0
DPS,2023-10-01 00:00:00,Aktualitet,Registrert i årsskiftevinduet 27.-31.12,0,1062,0.0
BUP,2022-06-01 00:00:00,Aktualitet,Registrert i årsskiftevinduet 27.-31.12,0,1029,0.0
ONK,2024-04-01 00:00:00,Aktualitet,Registrert i årsskiftevinduet 27.-31.12,0,1022,0.0
BUP,2022-03-01 00:00:00,Aktualitet,Registrert i årsskiftevinduet 27.-31.12,0,1036,0.0
KIR,2024-03-01 00:00:00,Aktualitet,Registrert i årsskiftevinduet 27.-31.12,0,1046,0.0
ORT,2023-07-01 00:00:00,Aktualitet,Registrert i årsskiftevinduet 27.-31.12,0,1072,0.0
TSB,2023-03-01 00:00:00,Aktualitet,Registrert i årsskiftevinduet 27.-31.12,0,1080,0.0
ORT,2024-11-01 00:00:00,Aktualitet,Registrert i årsskiftevinduet 27.-31.12,0,941,0.0
REH,2023-03-01 00:00:00,Aktualitet,Registrert i årsskiftevinduet 27.-31.12,0,1088,0.0
DPS,2022-08-01 00:00:00,Aktualitet,Registrert i årsskiftevinduet 27.-31.12,0,1021,0.0
KIR,2025-06-01 00:00:00,Aktualitet,Registrert i årsskiftevinduet 27.-31.12,0,1048,0.0
BUP,2024-06-01 00:00:00,Aktualitet,Registrert i årsskiftevinduet 27.-31.12,0,1019,0.0
KIR,2025-04-01 00:00:00,Aktualitet,Registrert i årsskiftevinduet 27.-31.12,0,973,0.0
REH,2022-09-01 00:00:00,Aktualitet,Registrert i årsskiftevinduet 27.-31.12,0,1070,0.0
REH,2023-07-01 00:00:00,Aktualitet,Registrert i årsskiftevinduet 27.-31.12,0,1088,0.0
KIR,2023-05-01 00:00:00,Aktualitet,Registrert i årsskiftevinduet 27.-31.12,0,1106,0.0
KIR,2022-12-01 00:00:00,Aktualitet,Registrert i årsskiftevinduet 27.-31.12,946,1852,51.08
TSB,2024-11-01 00:00:00,Aktualitet,Registrert i årsskiftevinduet 27.-31.12,0,1068,0.0
REH,2023-02-01 00:00:00,Aktualitet,Registrert i årsskiftevinduet 27.-31.12,0,923,0.0
KIR,2023-06-01 00:00:00,Aktualitet,Registrert i årsskiftevinduet 27.-31.12,0,1072,0.0
BUP,2022-11-01 00:00:00,Aktualitet,Registrert i årsskiftevinduet 27.-31.12,0,1072,0.0
REH,2024-11-01 00:00:00,Aktualitet,Registrert i årsskiftevinduet 27.-31.12,0,1039,0.0
KIR,2024-09-01 00:00:00,Aktualitet,Registrert i årsskiftevinduet 27.-31.12,0,1054,0.0
TSB,2022-09-01 00:00:00,Aktualitet,Registrert i årsskiftevinduet 27.-31.12,0,1011,0.0
ORT,2023-03-01 00:00:00,Aktualitet,Registrert i årsskiftevinduet 27.-31.12,0,1089,0.0
TSB,2023-07-01 00:00:00,Aktualitet,Registrert i årsskiftevinduet 27.-31.12,0,1028,0.0
TSB,2024-02-01 00:00:00,Aktualitet,Registrert i årsskiftevinduet 27.-31.12,0,1029,0.0
BUP,2022-07-01 00:00:00,Aktualitet,Registrert i årsskiftevinduet 27.-31.12,0,1012,0.0
MED,2024-10-01 00:00:00,Aktualitet,Registrert i årsskiftevinduet 27.-31.12,0,1049,0.0
ONK,2024-10-01 00:00:00,Aktualitet,Registrert i årsskiftevinduet 27.-31.12,0,1080,0.0
DPS,2025-02-01 00:00:00,Aktualitet,Registrert i årsskiftevinduet 27.-31.12,0,965,0.0
BUP,2025-12-01 00:00:00,Aktualitet,Registrert i årsskiftevinduet 27.-31.12,1027,1952,52.61
TSB,2023-02-01 00:00:00,Aktualitet,Registrert i årsskiftevinduet 27.-31.12,0,953,0.0
REH,2024-02-01 00:00:00,Aktualitet,Registrert i årsskiftevinduet 27.-31.12,0,980,0.0
KIR,2023-01-01 00:00:00,Aktualitet,Registrert i årsskiftevinduet 27.-31.12,0,1033,0.0
REH,2025-02-01 00:00:00,Aktualitet,Registrert i årsskiftevinduet 27.-31.12,0,867,0.0
BUP,2022-02-01 00:00:00,Aktualitet,Registrert i årsskiftevinduet 27.-31.12,0,932,0.0
ONK,2025-09-01 00:00:00,Aktualitet,Registrert i årsskiftevinduet 27.-31.12,0,1020,0.0
ORT,2022-08-01 00:00:00,Aktualitet,Registrert i årsskiftevinduet 27.-31.12,0,1040,0.0
DPS,2023-07-01 00:00:00,Aktualitet,Registrert i årsskiftevinduet 27.-31.12,0,1042,0.0
BUP,2024-03-01 00:00:00,Aktualitet,Registrert i årsskiftevinduet 27.-31.12,0,1080,0.0
BUP,2024-01-01 00:00:00,Aktualitet,Registrert i årsskiftevinduet 27.-31.12,0,1054,0.0
KIR,2022-06-01 00:00:00,Aktualitet,Registrert i årsskiftevinduet 27.-31.12,0,967,0.0
ORT,2025-07-01 00:00:00,Aktualitet,Registrert i årsskiftevinduet 27.-31.12,0,997,0.0
MED,2025-09-01 00:00:00,Aktualitet,Registrert i årsskiftevinduet 27.-31.12,0,1036,0.0
DPS,2022-09-01 00:00:00,Aktualitet,Registrert i årsskiftevinduet 27.-31.12,0,1062,0.0
TSB,2025-02-01 00:00:00,Aktualitet,Registrert i årsskiftevinduet 27.-31.12,0,957,0.0
BUP,2025-06-01 00:00:00,Aktualitet,Registrert i årsskiftevinduet 27.-31.12,0,1042,0.0
KIR,2022-03-01 00:00:00,Aktualitet,Registrert i årsskiftevinduet 27.-31.12,0,1065,0.0
DPS,2023-02-01 00:00:00,Aktualitet,Registrert i årsskiftevinduet 27.-31.12,0,929,0.0
DPS,2024-02-01 00:00:00,Aktualitet,Registrert i årsskiftevinduet 27.-31.12,0,973,0.0
ORT,2023-10-01 00:00:00,Aktualitet,Registrert i årsskiftevinduet 27.-31.12,0,1127,0.0
KIR,2024-06-01 00:00:00,Aktualitet,Registrert i årsskiftevinduet 27.-31.12,0,1062,0.0
DPS,2024-11-01 00:00:00,Aktualitet,Registrert i årsskiftevinduet 27.-31.12,0,1058,0.0
ONK,2025-03-01 00:00:00,Aktualitet,Registrert i årsskiftevinduet 27.-31.12,0,1057,0.0
MED,2025-03-01 00:00:00,Aktualitet,Registrert i årsskiftevinduet 27.-31.12,0,1060,0.0
ONK,2025-08-01 00:00:00,Aktualitet,Registrert i årsskiftevinduet 27.-31.12,0,1066,0.0
KIR,2025-02-01 00:00:00,Aktualitet,Registrert i årsskiftevinduet 27.-31.12,0,937,0.0
DPS,2022-12-01 00:00:00,Aktualitet,Registrert i årsskiftevinduet 27.-31.12,978,1876,52.13
DPS,2023-06-01 00:00:00,Aktualitet,Registrert i årsskiftevinduet 27.-31.12,0,1052,0.0
MED,2023-08-01 00:00:00,Aktualitet,Registrert i årsskiftevinduet 27.-31.12,0,1072,0.0
DPS,2024-09-01 00:00:00,Aktualitet,Registrert i årsskiftevinduet 27.-31.12,0,1047,0.0
TSB,2022-03-01 00:00:00,Aktualitet,Registrert i årsskiftevinduet 27.-31.12,0,978,0.0
MED,2024-12-01 00:00:00,Aktualitet,Registrert i årsskiftevinduet 27.-31.12,1028,1965,52.32
TSB,2022-06-01 00:00:00,Aktualitet,Registrert i årsskiftevinduet 27.-31.12,0,1003,0.0
DPS,2023-05-01 00:00:00,Aktualitet,Registrert i årsskiftevinduet 27.-31.12,0,1074,0.0
DPS,2025-04-01 00:00:00,Aktualitet,Registrert i årsskiftevinduet 27.-31.12,0,1089,0.0
ORT,2022-07-01 00:00:00,Aktualitet,Registrert i årsskiftevinduet 27.-31.12,0,1099,0.0
ONK,2023-08-01 00:00:00,Aktualitet,Registrert i årsskiftevinduet 27.-31.12,0,1120,0.0
TSB,2024-06-01 00:00:00,Aktualitet,Registrert i årsskiftevinduet 27.-31.12,0,1017,0.0
MED,2025-08-01 00:00:00,Aktualitet,Registrert i årsskiftevinduet 27.-31.12,0,1079,0.0
ORT,2022-11-01 00:00:00,Aktualitet,Registrert i årsskiftevinduet 27.-31.12,0,1031,0.0
ONK,2025-05-01 00:00:00,Aktualitet,Registrert i årsskiftevinduet 27.-31.12,0,1111,0.0
MED,2023-11-01 00:00:00,Aktualitet,Registrert i årsskiftevinduet 27.-31.12,0,1012,0.0
REH,2024-06-01 00:00:00,Aktualitet,Registrert i årsskiftevinduet 27.-31.12,0,1017,0.0
REH,2022-06-01 00:00:00,Aktualitet,Registrert i årsskiftevinduet 27.-31.12,0,971,0.0
REH,2022-03-01 00:00:00,Aktualitet,Registrert i årsskiftevinduet 27.-31.12,0,1055,0.0
ONK,2024-12-01 00:00:00,Aktualitet,Registrert i årsskiftevinduet 27.-31.12,1021,1938,52.68
BUP,2023-03-01 00:00:00,Aktualitet,Registrert i årsskiftevinduet 27.-31.12,0,1058,0.0
MED,2025-05-01 00:00:00,Aktualitet,Registrert i årsskiftevinduet 27.-31.12,0,1023,0.0
DPS,2023-01-01 00:00:00,Aktualitet,Registrert i årsskiftevinduet 27.-31.12,0,1093,0.0
ORT,2025-12-01 00:00:00,Aktualitet,Registrert i årsskiftevinduet 27.-31.12,962,1856,51.83
ONK,2023-11-01 00:00:00,Aktualitet,Registrert i årsskiftevinduet 27.-31.12,0,1043,0.0
REH,2023-12-01 00:00:00,Aktualitet,Registrert i årsskiftevinduet 27.-31.12,953,1885,50.56
REH,2024-04-01 00:00:00,Aktualitet,Registrert i årsskiftevinduet 27.-31.12,0,1020,0.0
BUP,2023-11-01 00:00:00,Aktualitet,Registrert i årsskiftevinduet 27.-31.12,0,1038,0.0
BUP,2025-03-01 00:00:00,Aktualitet,Registrert i årsskiftevinduet 27.-31.12,0,1067,0.0
BUP,2024-12-01 00:00:00,Aktualitet,Registrert i årsskiftevinduet 27.-31.12,921,1839,50.08
KIR,2022-04-01 00:00:00,Aktualitet,Registrert i årsskiftevinduet 27.-31.12,0,981,0.0
KIR,2023-09-01 00:00:00,Aktualitet,Registrert i årsskiftevinduet 27.-31.12,0,995,0.0
MED,2023-03-01 00:00:00,Aktualitet,Registrert i årsskiftevinduet 27.-31.12,0,1045,0.0
TSB,2023-12-01 00:00:00,Aktualitet,Registrert i årsskiftevinduet 27.-31.12,992,1882,52.71
BUP,2023-08-01 00:00:00,Aktualitet,Registrert i årsskiftevinduet 27.-31.12,0,1088,0.0
BUP,2025-05-01 00:00:00,Aktualitet,Registrert i årsskiftevinduet 27.-31.12,0,1094,0.0
ORT,2024-10-01 00:00:00,Aktualitet,Registrert i årsskiftevinduet 27.-31.12,0,1089,0.0
TSB,2024-04-01 00:00:00,Aktualitet,Registrert i årsskiftevinduet 27.-31.12,0,1037,0.0
DPS,2025-10-01 00:00:00,Aktualitet,Registrert i årsskiftevinduet 27.-31.12,0,1051,0.0
ONK,2023-03-01 00:00:00,Aktualitet,Registrert i årsskiftevinduet 27.-31.12,0,1149,0.0
BUP,2025-08-01 00:00:00,Aktualitet,Registrert i årsskiftevinduet 27.-31.12,0,1101,0.0
MED,2023-04-01 00:00:00,Aktualitet,Registrert i årsskiftevinduet 27.-31.12,0,978,0.0
KIR,2022-08-01 00:00:00,Aktualitet,Registrert i årsskiftevinduet 27.-31.12,0,1038,0.0
ONK,2023-04-01 00:00:00,Aktualitet,Registrert i årsskiftevinduet 27.-31.12,0,1028,0.0
BUP,2023-07-01 00:00:00,Aktualitet,Registrert i årsskiftevinduet 27.-31.12,0,1087,0.0
BUP,2022-09-01 00:00:00,Aktualitet,Registrert i årsskiftevinduet 27.-31.12,0,1073,0.0
ONK,2024-07-01 00:00:00,Aktualitet,Registrert i årsskiftevinduet 27.-31.12,0,1069,0.0
KIR,2023-10-01 00:00:00,Aktualitet,Registrert i årsskiftevinduet 27.-31.12,0,1058,0.0
ONK,2025-01-01 00:00:00,Aktualitet,Registrert i årsskiftevinduet 27.-31.12,0,1133,0.0
REH,2022-11-01 00:00:00,Aktualitet,Registrert i årsskiftevinduet 27.-31.12,0,1015,0.0
MED,2025-01-01 00:00:00,Aktualitet,Registrert i årsskiftevinduet 27.-31.12,0,1129,0.0
MED,2024-08-01 00:00:00,Aktualitet,Registrert i årsskiftevinduet 27.-31.12,0,1048,0.0
TSB,2025-12-01 00:00:00,Aktualitet,Registrert i årsskiftevinduet 27.-31.12,932,1860,50.11
ORT,2022-03-01 00:00:00,Aktualitet,Registrert i årsskiftevinduet 27.-31.12,0,1035,0.0
ONK,2024-08-01 00:00:00,Aktualitet,Registrert i årsskiftevinduet 27.-31.12,0,1007,0.0
BUP,2024-11-01 00:00:00,Aktualitet,Registrert i årsskiftevinduet 27.-31.12,0,1012,0.0
ONK,2022-01-01 00:00:00,Aktualitet,Registrert i årsskiftevinduet 27.-31.12,0,1064,0.0
MED,2025-11-01 00:00:00,Aktualitet,Registrert i årsskiftevinduet 27.-31.12,0,1027,0.0
TSB,2022-07-01 00:00:00,Aktualitet,Registrert i årsskiftevinduet 27.-31.12,0,1057,0.0
MED,2024-05-01 00:00:00,Aktualitet,Registrert i årsskiftevinduet 27.-31.12,0,1042,0.0
MED,2022-01-01 00:00:00,Aktualitet,Registrert i årsskiftevinduet 27.-31.12,0,1132,0.0
DPS,2024-01-01 00:00:00,Aktualitet,Registrert i årsskiftevinduet 27.-31.12,0,1071,0.0
DPS,2024-03-01 00:00:00,Aktualitet,Registrert i årsskiftevinduet 27.-31.12,0,1019,0.0
DPS,2022-02-01 00:00:00,Aktualitet,Registrert i årsskiftevinduet 27.-31.12,0,963,0.0
MED,2022-10-01 00:00:00,Aktualitet,Registrert i årsskiftevinduet 27.-31.12,0,1047,0.0
BUP,2024-02-01 00:00:00,Aktualitet,Registrert i årsskiftevinduet 27.-31.12,0,978,0.0
ORT,2022-06-01 00:00:00,Aktualitet,Registrert i årsskiftevinduet 27.-31.12,0,1004,0.0
ONK,2025-11-01 00:00:00,Aktualitet,Registrert i årsskiftevinduet 27.-31.12,0,990,0.0
ORT,2024-06-01 00:00:00,Aktualitet,Registrert i årsskiftevinduet 27.-31.12,0,1039,0.0
KIR,2025-07-01 00:00:00,Aktualitet,Registrert i årsskiftevinduet 27.-31.12,0,1065,0.0
REH,2022-07-01 00:00:00,Aktualitet,Registrert i årsskiftevinduet 27.-31.12,0,1072,0.0
DPS,2025-06-01 00:00:00,Aktualitet,Registrert i årsskiftevinduet 27.-31.12,0,1026,0.0
TSB,2022-11-01 00:00:00,Aktualitet,Registrert i årsskiftevinduet 27.-31.12,0,1045,0.0
ONK,2022-10-01 00:00:00,Aktualitet,Registrert i årsskiftevinduet 27.-31.12,0,1050,0.0
REH,2025-12-01 00:00:00,Aktualitet,Registrert i årsskiftevinduet 27.-31.12,962,1877,51.25
BUP,2023-02-01 00:00:00,Aktualitet,Registrert i årsskiftevinduet 27.-31.12,0,979,0.0
MED,2024-07-01 00:00:00,Aktualitet,Registrert i årsskiftevinduet 27.-31.12,0,1110,0.0
ONK,2024-05-01 00:00:00,Aktualitet,Registrert i årsskiftevinduet 27.-31.12,0,1115,0.0
TSB,2023-06-01 00:00:00,Aktualitet,Registrert i årsskiftevinduet 27.-31.12,0,1038,0.0
TSB,2022-12-01 00:00:00,Aktualitet,Registrert i årsskiftevinduet 27.-31.12,920,1800,51.11
REH,2024-09-01 00:00:00,Aktualitet,Registrert i årsskiftevinduet 27.-31.12,0,1003,0.0
KIR,2024-11-01 00:00:00,Aktualitet,Registrert i årsskiftevinduet 27.-31.12,0,1013,0.0
DPS,2024-06-01 00:00:00,Aktualitet,Registrert i årsskiftevinduet 27.-31.12,0,1053,0.0
KIR,2023-02-01 00:00:00,Aktualitet,Registrert i årsskiftevinduet 27.-31.12,0,989,0.0
BUP,2023-10-01 00:00:00,Aktualitet,Registrert i årsskiftevinduet 27.-31.12,0,1045,0.0
MED,2022-05-01 00:00:00,Aktualitet,Registrert i årsskiftevinduet 27.-31.12,0,1041,0.0
DPS,2022-03-01 00:00:00,Aktualitet,Registrert i årsskiftevinduet 27.-31.12,0,1083,0.0
REH,2023-01-01 00:00:00,Aktualitet,Registrert i årsskiftevinduet 27.-31.12,0,1087,0.0
KIR,2024-02-01 00:00:00,Aktualitet,Registrert i årsskiftevinduet 27.-31.12,0,1001,0.0
BUP,2025-07-01 00:00:00,Aktualitet,Registrert i årsskiftevinduet 27.-31.12,0,1028,0.0
TSB,2024-09-01 00:00:00,Aktualitet,Registrert i årsskiftevinduet 27.-31.12,0,1005,0.0
REH,2022-12-01 00:00:00,Aktualitet,Registrert i årsskiftevinduet 27.-31.12,924,1802,51.28
TSB,2023-05-01 00:00:00,Aktualitet,Registrert i årsskiftevinduet 27.-31.12,0,1057,0.0
ORT,2022-02-01 00:00:00,Aktualitet,Registrert i årsskiftevinduet 27.-31.12,0,950,0.0
KIR,2023-07-01 00:00:00,Aktualitet,Registrert i årsskiftevinduet 27.-31.12,0,1051,0.0
KIR,2022-09-01 00:00:00,Aktualitet,Registrert i årsskiftevinduet 27.-31.12,0,1052,0.0
REH,2023-06-01 00:00:00,Aktualitet,Registrert i årsskiftevinduet 27.-31.12,0,1043,0.0
ONK,2022-05-01 00:00:00,Aktualitet,Registrert i årsskiftevinduet 27.-31.12,0,1071,0.0
REH,2023-05-01 00:00:00,Aktualitet,Registrert i årsskiftevinduet 27.-31.12,0,1043,0.0
TSB,2023-01-01 00:00:00,Aktualitet,Registrert i årsskiftevinduet 27.-31.12,0,1075,0.0
REH,2025-04-01 00:00:00,Aktualitet,Registrert i årsskiftevinduet 27.-31.12,0,1059,0.0
ORT,2024-01-01 00:00:00,Aktualitet,Registrert i årsskiftevinduet 27.-31.12,0,1089,0.0
TSB,2025-04-01 00:00:00,Aktualitet,Registrert i årsskiftevinduet 27.-31.12,0,1052,0.0
ORT,2024-03-01 00:00:00,Aktualitet,Registrert i årsskiftevinduet 27.-31.12,0,1024,0.0
BUP,2022-08-01 00:00:00,Aktualitet,Registrert i årsskiftevinduet 27.-31.12,0,1084,0.0
ORT,2025-06-01 00:00:00,Aktualitet,Registrert i årsskiftevinduet 27.-31.12,0,1016,0.0
DPS,2022-06-01 00:00:00,Aktualitet,Registrert i årsskiftevinduet 27.-31.12,0,1027,0.0
MED,2023-05-01 00:00:00,Aktualitet,Registrert i årsskiftevinduet 27.-31.12,0,1079,0.0
DPS,2023-11-01 00:00:00,Aktualitet,Registrert i årsskiftevinduet 27.-31.12,0,1005,0.0
ONK,2022-12-01 00:00:00,Aktualitet,Registrert i årsskiftevinduet 27.-31.12,950,1840,51.63
DPS,2025-05-01 00:00:00,Aktualitet,Registrert i årsskiftevinduet 27.-31.12,0,1059,0.0
MED,2023-01-01 00:00:00,Aktualitet,Registrert i årsskiftevinduet 27.-31.12,0,1084,0.0
ONK,2024-09-01 00:00:00,Aktualitet,Registrert i årsskiftevinduet 27.-31.12,0,1072,0.0
MED,2025-04-01 00:00:00,Aktualitet,Registrert i årsskiftevinduet 27.-31.12,0,1007,0.0
DPS,2023-08-01 00:00:00,Aktualitet,Registrert i årsskiftevinduet 27.-31.12,0,1077,0.0
MED,2024-09-01 00:00:00,Aktualitet,Registrert i årsskiftevinduet 27.-31.12,0,1017,0.0
TSB,2022-05-01 00:00:00,Aktualitet,Registrert i årsskiftevinduet 27.-31.12,0,1072,0.0
ONK,2023-01-01 00:00:00,Aktualitet,Registrert i årsskiftevinduet 27.-31.12,0,1099,0.0
KIR,2024-10-01 00:00:00,Aktualitet,Registrert i årsskiftevinduet 27.-31.12,0,1060,0.0
ONK,2023-06-01 00:00:00,Aktualitet,Registrert i årsskiftevinduet 27.-31.12,0,1088,0.0
DPS,2025-03-01 00:00:00,Aktualitet,Registrert i årsskiftevinduet 27.-31.12,0,1026,0.0
MED,2023-06-01 00:00:00,Aktualitet,Registrert i årsskiftevinduet 27.-31.12,0,967,0.0
MED,2022-12-01 00:00:00,Aktualitet,Registrert i årsskiftevinduet 27.-31.12,943,1853,50.89
DPS,2024-12-01 00:00:00,Aktualitet,Registrert i årsskiftevinduet 27.-31.12,946,1789,52.88
ORT,2023-09-01 00:00:00,Aktualitet,Registrert i årsskiftevinduet 27.-31.12,0,1010,0.0
ONK,2023-05-01 00:00:00,Aktualitet,Registrert i årsskiftevinduet 27.-31.12,0,1087,0.0
REH,2022-05-01 00:00:00,Aktualitet,Registrert i årsskiftevinduet 27.-31.12,0,1040,0.0
DPS,2025-08-01 00:00:00,Aktualitet,Registrert i årsskiftevinduet 27.-31.12,0,1050,0.0
ORT,2022-04-01 00:00:00,Aktualitet,Registrert i årsskiftevinduet 27.-31.12,0,1070,0.0
ONK,2025-04-01 00:00:00,Aktualitet,Registrert i årsskiftevinduet 27.-31.12,0,1034,0.0
BUP,2025-10-01 00:00:00,Aktualitet,Registrert i årsskiftevinduet 27.-31.12,0,1039,0.0
ORT,2024-09-01 00:00:00,Aktualitet,Registrert i årsskiftevinduet 27.-31.12,0,1028,0.0
ORT,2023-05-01 00:00:00,Aktualitet,Registrert i årsskiftevinduet 27.-31.12,0,1041,0.0
DPS,2022-11-01 00:00:00,Aktualitet,Registrert i årsskiftevinduet 27.-31.12,0,1026,0.0
REH,2025-06-01 00:00:00,Aktualitet,Registrert i årsskiftevinduet 27.-31.12,0,1023,0.0
DPS,2022-07-01 00:00:00,Aktualitet,Registrert i årsskiftevinduet 27.-31.12,0,1107,0.0
ORT,2025-04-01 00:00:00,Aktualitet,Registrert i årsskiftevinduet 27.-31.12,0,1051,0.0
TSB,2024-01-01 00:00:00,Aktualitet,Registrert i årsskiftevinduet 27.-31.12,0,1081,0.0
REH,2024-01-01 00:00:00,Aktualitet,Registrert i årsskiftevinduet 27.-31.12,0,1040,0.0
REH,2022-02-01 00:00:00,Aktualitet,Registrert i årsskiftevinduet 27.-31.12,0,932,0.0
MED,2022-04-01 00:00:00,Aktualitet,Registrert i årsskiftevinduet 27.-31.12,0,1000,0.0
TSB,2022-02-01 00:00:00,Aktualitet,Registrert i årsskiftevinduet 27.-31.12,0,933,0.0
TSB,2025-06-01 00:00:00,Aktualitet,Registrert i årsskiftevinduet 27.-31.12,0,1003,0.0
DPS,2025-12-01 00:00:00,Aktualitet,Registrert i årsskiftevinduet 27.-31.12,981,1963,49.97
ONK,2023-09-01 00:00:00,Aktualitet,Registrert i årsskiftevinduet 27.-31.12,0,1018,0.0
ORT,2023-01-01 00:00:00,Aktualitet,Registrert i årsskiftevinduet 27.-31.12,0,1039,0.0
KIR,2023-03-01 00:00:00,Aktualitet,Registrert i årsskiftevinduet 27.-31.12,0,1098,0.0
TSB,2024-03-01 00:00:00,Aktualitet,Registrert i årsskiftevinduet 27.-31.12,0,1057,0.0
REH,2024-03-01 00:00:00,Aktualitet,Registrert i årsskiftevinduet 27.-31.12,0,1037,0.0
ORT,2023-06-01 00:00:00,Aktualitet,Registrert i årsskiftevinduet 27.-31.12,0,978,0.0
ORT,2022-12-01 00:00:00,Aktualitet,Registrert i årsskiftevinduet 27.-31.12,981,1877,52.26
ONK,2022-04-01 00:00:00,Aktualitet,Registrert i årsskiftevinduet 27.-31.12,0,981,0.0
MED,2023-09-01 00:00:00,Aktualitet,Registrert i årsskiftevinduet 27.-31.12,0,1036,0.0
BUP,2025-02-01 00:00:00,Aktualitet,Registrert i årsskiftevinduet 27.-31.12,0,962,0.0
KIR,2025-05-01 00:00:00,Aktualitet,Registrert i årsskiftevinduet 27.-31.12,0,1065,0.0
BUP,2023-09-01 00:00:00,Aktualitet,Registrert i årsskiftevinduet 27.-31.12,0,1019,0.0
KIR,2025-08-01 00:00:00,Aktualitet,Registrert i årsskiftevinduet 27.-31.12,0,1056,0.0
KIR,2024-12-01 00:00:00,Aktualitet,Registrert i årsskiftevinduet 27.-31.12,1009,1886,53.5
MED,2025-02-01 00:00:00,Aktualitet,Registrert i årsskiftevinduet 27.-31.12,0,922,0.0
TSB,2025-09-01 00:00:00,Aktualitet,Registrert i årsskiftevinduet 27.-31.12,0,1048,0.0
KIR,2023-11-01 00:00:00,Aktualitet,Registrert i årsskiftevinduet 27.-31.12,0,1002,0.0
DPS,2024-10-01 00:00:00,Aktualitet,Registrert i årsskiftevinduet 27.-31.12,0,1048,0.0
ONK,2025-02-01 00:00:00,Aktualitet,Registrert i årsskiftevinduet 27.-31.12,0,913,0.0
KIR,2025-03-01 00:00:00,Aktualitet,Registrert i årsskiftevinduet 27.-31.12,0,1012,0.0
ORT,2025-10-01 00:00:00,Aktualitet,Registrert i årsskiftevinduet 27.-31.12,0,1039,0.0
REH,2025-09-01 00:00:00,Aktualitet,Registrert i årsskiftevinduet 27.-31.12,0,1048,0.0
KIR,2023-08-01 00:00:00,Aktualitet,Registrert i årsskiftevinduet 27.-31.12,0,1054,0.0
BUP,2022-04-01 00:00:00,Aktualitet,Registrert i årsskiftevinduet 27.-31.12,0,1051,0.0
ORT,2022-05-01 00:00:00,Aktualitet,Registrert i årsskiftevinduet 27.-31.12,0,1035,0.0
DPS,2024-08-01 00:00:00,Aktualitet,Registrert i årsskiftevinduet 27.-31.12,0,1064,0.0
DPS,2023-04-01 00:00:00,Aktualitet,Registrert i årsskiftevinduet 27.-31.12,0,1009,0.0
DPS,2024-07-01 00:00:00,Aktualitet,Registrert i årsskiftevinduet 27.-31.12,0,1094,0.0
DPS,2025-11-01 00:00:00,Aktualitet,Registrert i årsskiftevinduet 27.-31.12,0,1092,0.0
MED,2024-01-01 00:00:00,Aktualitet,Registrert i årsskiftevinduet 27.-31.12,0,1041,0.0
REH,2023-09-01 00:00:00,Aktualitet,Registrert i årsskiftevinduet 27.-31.12,0,1018,0.0
ONK,2024-03-01 00:00:00,Aktualitet,Registrert i årsskiftevinduet 27.-31.12,0,1097,0.0
DPS,2022-10-01 00:00:00,Aktualitet,Registrert i årsskiftevinduet 27.-31.12,0,1051,0.0
ONK,2024-01-01 00:00:00,Aktualitet,Registrert i årsskiftevinduet 27.-31.12,0,1016,0.0
BUP,2025-09-01 00:00:00,Aktualitet,Registrert i årsskiftevinduet 27.-31.12,0,1009,0.0
DPS,2025-01-01 00:00:00,Aktualitet,Registrert i årsskiftevinduet 27.-31.12,0,1088,0.0
KIR,2023-12-01 00:00:00,Aktualitet,Registrert i årsskiftevinduet 27.-31.12,1001,1919,52.16
TSB,2023-09-01 00:00:00,Aktualitet,Registrert i årsskiftevinduet 27.-31.12,0,1074,0.0
TSB,2022-04-01 00:00:00,Aktualitet,Registrert i årsskiftevinduet 27.-31.12,0,1012,0.0
DPS,2022-01-01 00:00:00,Aktualitet,Registrert i årsskiftevinduet 27.-31.12,0,1058,0.0
MED,2022-02-01 00:00:00,Aktualitet,Registrert i årsskiftevinduet 27.-31.12,0,1028,0.0
KIR,2024-04-01 00:00:00,Aktualitet,Registrert i årsskiftevinduet 27.-31.12,0,1016,0.0
DPS,2024-05-01 00:00:00,Aktualitet,Registrert i årsskiftevinduet 27.-31.12,0,1119,0.0
MED,2024-03-01 00:00:00,Aktualitet,Registrert i årsskiftevinduet 27.-31.12,0,1037,0.0
ONK,2025-06-01 00:00:00,Aktualitet,Registrert i årsskiftevinduet 27.-31.12,0,1017,0.0
REH,2022-04-01 00:00:00,Aktualitet,Registrert i årsskiftevinduet 27.-31.12,0,1005,0.0
MED,2025-06-01 00:00:00,Aktualitet,Registrert i årsskiftevinduet 27.-31.12,0,1025,0.0
ONK,2022-02-01 00:00:00,Aktualitet,Registrert i årsskiftevinduet 27.-31.12,0,969,0.0
MED,2022-08-01 00:00:00,Aktualitet,Registrert i årsskiftevinduet 27.-31.12,0,1034,0.0
KIR,2022-01-01 00:00:00,Aktualitet,Registrert i årsskiftevinduet 27.-31.12,0,1179,0.0
MED,2025-07-01 00:00:00,Aktualitet,Registrert i årsskiftevinduet 27.-31.12,0,1097,0.0
MED,2023-10-01 00:00:00,Aktualitet,Registrert i årsskiftevinduet 27.-31.12,0,1031,0.0
KIR,2022-10-01 00:00:00,Aktualitet,Registrert i årsskiftevinduet 27.-31.12,0,1020,0.0
ONK,2025-07-01 00:00:00,Aktualitet,Registrert i årsskiftevinduet 27.-31.12,0,1074,0.0
DPS,2023-12-01 00:00:00,Aktualitet,Registrert i årsskiftevinduet 27.-31.12,935,1825,51.23
KIR,2025-01-01 00:00:00,Aktualitet,Registrert i årsskiftevinduet 27.-31.12,0,1037,0.0
KIR,2024-07-01 00:00:00,Aktualitet,Registrert i årsskiftevinduet 27.-31.12,0,1044,0.0
KIR,2025-11-01 00:00:00,Aktualitet,Registrert i årsskiftevinduet 27.-31.12,0,1042,0.0
ONK,2023-10-01 00:00:00,Aktualitet,Registrert i årsskiftevinduet 27.-31.12,0,1065,0.0
KIR,2024-05-01 00:00:00,Aktualitet,Registrert i årsskiftevinduet 27.-31.12,0,1028,0.0
BUP,2022-05-01 00:00:00,Aktualitet,Registrert i årsskiftevinduet 27.-31.12,0,1132,0.0
DPS,2024-04-01 00:00:00,Aktualitet,Registrert i årsskiftevinduet 27.-31.12,0,1046,0.0
REH,2025-10-01 00:00:00,Aktualitet,Registrert i årsskiftevinduet 27.-31.12,0,1070,0.0
ORT,2025-09-01 00:00:00,Aktualitet,Registrert i årsskiftevinduet 27.-31.12,0,978,0.0
ONK,2022-08-01 00:00:00,Aktualitet,Registrert i årsskiftevinduet 27.-31.12,0,1081,0.0
KIR,2023-04-01 00:00:00,Aktualitet,Registrert i årsskiftevinduet 27.-31.12,0,981,0.0
TSB,2025-10-01 00:00:00,Aktualitet,Registrert i årsskiftevinduet 27.-31.12,0,1070,0.0
KIR,2024-08-01 00:00:00,Aktualitet,Registrert i årsskiftevinduet 27.-31.12,0,1089,0.0
BUP,2023-12-01 00:00:00,Aktualitet,Registrert i årsskiftevinduet 27.-31.12,959,1827,52.49
REH,2025-03-01 00:00:00,Aktualitet,Registrert i årsskiftevinduet 27.-31.12,0,1040,0.0
ORT,2022-01-01 00:00:00,Aktualitet,Registrert i årsskiftevinduet 27.-31.12,0,1081,0.0
TSB,2023-11-01 00:00:00,Aktualitet,Registrert i årsskiftevinduet 27.-31.12,0,1088,0.0
ORT,2025-01-01 00:00:00,Aktualitet,Registrert i årsskiftevinduet 27.-31.12,0,1063,0.0
TSB,2025-08-01 00:00:00,Aktualitet,Registrert i årsskiftevinduet 27.-31.12,0,1038,0.0
MED,2022-03-01 00:00:00,Aktualitet,Registrert i årsskiftevinduet 27.-31.12,0,1037,0.0
KIR,2025-09-01 00:00:00,Aktualitet,Registrert i årsskiftevinduet 27.-31.12,0,1057,0.0
REH,2023-11-01 00:00:00,Aktualitet,Registrert i årsskiftevinduet 27.-31.12,0,1030,0.0
DPS,2022-05-01 00:00:00,Aktualitet,Registrert i årsskiftevinduet 27.-31.12,0,1060,0.0
REH,2025-08-01 00:00:00,Aktualitet,Registrert i årsskiftevinduet 27.-31.12,0,1090,0.0
ONK,2022-06-01 00:00:00,Aktualitet,Registrert i årsskiftevinduet 27.-31.12,0,1048,0.0
REH,2023-08-01 00:00:00,Aktualitet,Registrert i årsskiftevinduet 27.-31.12,0,1063,0.0
TSB,2024-12-01 00:00:00,Aktualitet,Registrert i årsskiftevinduet 27.-31.12,987,1881,52.47
REH,2024-12-01 00:00:00,Aktualitet,Registrert i årsskiftevinduet 27.-31.12,983,1903,51.66
REH,2025-05-01 00:00:00,Aktualitet,Registrert i årsskiftevinduet 27.-31.12,0,1029,0.0
MED,2022-06-01 00:00:00,Aktualitet,Registrert i årsskiftevinduet 27.-31.12,0,1046,0.0
TSB,2025-03-01 00:00:00,Aktualitet,Registrert i årsskiftevinduet 27.-31.12,0,1063,0.0
ORT,2022-10-01 00:00:00,Aktualitet,Registrert i årsskiftevinduet 27.-31.12,0,1070,0.0
ORT,2025-11-01 00:00:00,Aktualitet,Registrert i årsskiftevinduet 27.-31.12,0,1061,0.0
ORT,2024-08-01 00:00:00,Aktualitet,Registrert i årsskiftevinduet 27.-31.12,0,1036,0.0
TSB,2025-05-01 00:00:00,Aktualitet,Registrert i årsskiftevinduet 27.-31.12,0,1063,0.0
ORT,2023-04-01 00:00:00,Aktualitet,Registrert i årsskiftevinduet 27.-31.12,0,1010,0.0
ORT,2024-05-01 00:00:00,Aktualitet,Registrert i årsskiftevinduet 27.-31.12,0,987,0.0
TSB,2023-08-01 00:00:00,Aktualitet,Registrert i årsskiftevinduet 27.-31.12,0,1037,0.0
MED,2024-06-01 00:00:00,Aktualitet,Registrert i årsskiftevinduet 27.-31.12,0,1053,0.0
ORT,2024-07-01 00:00:00,Aktualitet,Registrert i årsskiftevinduet 27.-31.12,0,1076,0.0
ONK,2024-06-01 00:00:00,Aktualitet,Registrert i årsskiftevinduet 27.-31.12,0,985,0.0
BUP,2024-04-01 00:00:00,Aktualitet,Registrert i årsskiftevinduet 27.-31.12,0,1042,0.0
ONK,2022-03-01 00:00:00,Aktualitet,Registrert i årsskiftevinduet 27.-31.12,0,1091,0.0
MED,2023-02-01 00:00:00,Aktualitet,Registrert i årsskiftevinduet 27.-31.12,0,970,0.0
MED,2023-07-01 00:00:00,Aktualitet,Registrert i årsskiftevinduet 27.-31.12,0,1078,0.0
ORT,2023-12-01 00:00:00,Aktualitet,Registrert i årsskiftevinduet 27.-31.12,955,1870,51.07
BUP,2022-01-01 00:00:00,Aktualitet,Registrert i årsskiftevinduet 27.-31.12,0,1085,0.0
ONK,2024-11-01 00:00:00,Aktualitet,Registrert i årsskiftevinduet 27.-31.12,0,1025,0.0
KIR,2022-05-01 00:00:00,Aktualitet,Registrert i årsskiftevinduet 27.-31.12,0,1052,0.0
TSB,2024-10-01 00:00:00,Aktualitet,Registrert i årsskiftevinduet 27.-31.12,0,1032,0.0
ONK,2023-07-01 00:00:00,Aktualitet,Registrert i årsskiftevinduet 27.-31.12,0,1037,0.0
BUP,2025-01-01 00:00:00,Aktualitet,Registrert i årsskiftevinduet 27.-31.12,0,1120,0.0
MED,2024-11-01 00:00:00,Aktualitet,Registrert i årsskiftevinduet 27.-31.12,0,1066,0.0
BUP,2022-10-01 00:00:00,Aktualitet,Registrert i årsskiftevinduet 27.-31.12,0,1047,0.0
ONK,2022-09-01 00:00:00,Aktualitet,Registrert i årsskiftevinduet 27.-31.12,0,1011,0.0
MED,2022-09-01 00:00:00,Aktualitet,Registrert i årsskiftevinduet 27.-31.12,0,1035,0.0
BUP,2024-05-01 00:00:00,Aktualitet,Registrert i årsskiftevinduet 27.-31.12,0,1083,0.0
ORT,2024-04-01 00:00:00,Aktualitet,Registrert i årsskiftevinduet 27.-31.12,0,1026,0.0
ONK,2023-02-01 00:00:00,Aktualitet,Registrert i årsskiftevinduet 27.-31.12,0,927,0.0
MED,2024-02-01 00:00:00,Aktualitet,Registrert i årsskiftevinduet 27.-31.12,0,1051,0.0
BUP,2023-04-01 00:00:00,Aktualitet,Registrert i årsskiftevinduet 27.-31.12,0,1025,0.0
BUP,2024-08-01 00:00:00,Aktualitet,Registrert i årsskiftevinduet 27.-31.12,0,1038,0.0
DPS,2025-09-01 00:00:00,Aktualitet,Registrert i årsskiftevinduet 27.-31.12,0,1007,0.0
REH,2024-10-01 00:00:00,Aktualitet,Registrert i årsskiftevinduet 27.-31.12,0,1037,0.0
BUP,2025-11-01 00:00:00,Aktualitet,Registrert i årsskiftevinduet 27.-31.12,0,1070,0.0
BUP,2024-07-01 00:00:00,Aktualitet,Registrert i årsskiftevinduet 27.-31.12,0,1069,0.0
ONK,2024-02-01 00:00:00,Aktualitet,Registrert i årsskiftevinduet 27.-31.12,0,993,0.0
BUP,2023-06-01 00:00:00,Entydighet,Diagnosekode med skiftende betydning,130,1054,12.33
BUP,2025-04-01 00:00:00,Entydighet,Diagnosekode med skiftende betydning,107,975,10.97
DPS,2023-03-01 00:00:00,Entydighet,Diagnosekode med skiftende betydning,137,1086,12.62
ORT,2025-02-01 00:00:00,Entydighet,Diagnosekode med skiftende betydning,116,903,12.85
TSB,2022-08-01 00:00:00,Entydighet,Diagnosekode med skiftende betydning,137,1114,12.3
BUP,2023-01-01 00:00:00,Entydighet,Diagnosekode med skiftende betydning,149,1121,13.29
KIR,2022-11-01 00:00:00,Entydighet,Diagnosekode med skiftende betydning,147,1100,13.36
KIR,2025-12-01 00:00:00,Entydighet,Diagnosekode med skiftende betydning,245,1830,13.39
REH,2022-08-01 00:00:00,Entydighet,Diagnosekode med skiftende betydning,141,1041,13.54
BUP,2024-09-01 00:00:00,Entydighet,Diagnosekode med skiftende betydning,123,1038,11.85
REH,2025-07-01 00:00:00,Entydighet,Diagnosekode med skiftende betydning,126,1020,12.35
MED,2025-10-01 00:00:00,Entydighet,Diagnosekode med skiftende betydning,132,1082,12.2
BUP,2022-12-01 00:00:00,Entydighet,Diagnosekode med skiftende betydning,233,1836,12.69
ONK,2025-10-01 00:00:00,Entydighet,Diagnosekode med skiftende betydning,125,1036,12.07
BUP,2023-05-01 00:00:00,Entydighet,Diagnosekode med skiftende betydning,114,1038,10.98
TSB,2023-10-01 00:00:00,Entydighet,Diagnosekode med skiftende betydning,122,1059,11.52
KIR,2022-07-01 00:00:00,Entydighet,Diagnosekode med skiftende betydning,140,1069,13.1
TSB,2025-07-01 00:00:00,Entydighet,Diagnosekode med skiftende betydning,123,1033,11.91
REH,2023-10-01 00:00:00,Entydighet,Diagnosekode med skiftende betydning,130,1022,12.72
TSB,2022-01-01 00:00:00,Entydighet,Diagnosekode med skiftende betydning,132,1089,12.12
TSB,2024-07-01 00:00:00,Entydighet,Diagnosekode med skiftende betydning,113,1043,10.83
ORT,2024-12-01 00:00:00,Entydighet,Diagnosekode med skiftende betydning,251,1859,13.5
TSB,2024-08-01 00:00:00,Entydighet,Diagnosekode med skiftende betydning,154,1081,14.25
REH,2023-04-01 00:00:00,Entydighet,Diagnosekode med skiftende betydning,114,1001,11.39
REH,2022-01-01 00:00:00,Entydighet,Diagnosekode med skiftende betydning,133,1100,12.09
ORT,2023-08-01 00:00:00,Entydighet,Diagnosekode med skiftende betydning,132,1076,12.27
ONK,2025-12-01 00:00:00,Entydighet,Diagnosekode med skiftende betydning,227,1884,12.05
MED,2025-12-01 00:00:00,Entydighet,Diagnosekode med skiftende betydning,227,1871,12.13
TSB,2022-10-01 00:00:00,Entydighet,Diagnosekode med skiftende betydning,132,1053,12.54
REH,2024-05-01 00:00:00,Entydighet,Diagnosekode med skiftende betydning,143,1080,13.24
TSB,2024-05-01 00:00:00,Entydighet,Diagnosekode med skiftende betydning,129,1047,12.32
TSB,2025-11-01 00:00:00,Entydighet,Diagnosekode med skiftende betydning,151,1047,14.42
MED,2022-07-01 00:00:00,Entydighet,Diagnosekode med skiftende betydning,124,1107,11.2
REH,2024-07-01 00:00:00,Entydighet,Diagnosekode med skiftende betydning,144,1046,13.77
DPS,2023-09-01 00:00:00,Entydighet,Diagnosekode med skiftende betydning,126,989,12.74
ORT,2025-05-01 00:00:00,Entydighet,Diagnosekode med skiftende betydning,135,1043,12.94
REH,2025-11-01 00:00:00,Entydighet,Diagnosekode med skiftende betydning,132,1023,12.9
ORT,2023-11-01 00:00:00,Entydighet,Diagnosekode med skiftende betydning,107,1018,10.51
ORT,2025-08-01 00:00:00,Entydighet,Diagnosekode med skiftende betydning,127,1048,12.12
TSB,2025-01-01 00:00:00,Entydighet,Diagnosekode med skiftende betydning,139,1038,13.39
ONK,2022-11-01 00:00:00,Entydighet,Diagnosekode med skiftende betydning,136,1001,13.59
DPS,2022-04-01 00:00:00,Entydighet,Diagnosekode med skiftende betydning,111,1029,10.79
REH,2024-08-01 00:00:00,Entydighet,Diagnosekode med skiftende betydning,130,1051,12.37
ONK,2022-07-01 00:00:00,Entydighet,Diagnosekode med skiftende betydning,131,1082,12.11
BUP,2024-10-01 00:00:00,Entydighet,Diagnosekode med skiftende betydning,142,1041,13.64
ORT,2025-03-01 00:00:00,Entydighet,Diagnosekode med skiftende betydning,123,1077,11.42
REH,2025-01-01 00:00:00,Entydighet,Diagnosekode med skiftende betydning,155,1063,14.58
REH,2022-10-01 00:00:00,Entydighet,Diagnosekode med skiftende betydning,159,1095,14.52
KIR,2025-10-01 00:00:00,Entydighet,Diagnosekode med skiftende betydning,140,1102,12.7
TSB,2023-04-01 00:00:00,Entydighet,Diagnosekode med skiftende betydning,135,991,13.62
MED,2022-11-01 00:00:00,Entydighet,Diagnosekode med skiftende betydning,135,1058,12.76
MED,2024-04-01 00:00:00,Entydighet,Diagnosekode med skiftende betydning,132,1041,12.68
ORT,2024-02-01 00:00:00,Entydighet,Diagnosekode med skiftende betydning,108,1059,10.2
KIR,2022-02-01 00:00:00,Entydighet,Diagnosekode med skiftende betydning,106,946,11.21
ONK,2023-12-01 00:00:00,Entydighet,Diagnosekode med skiftende betydning,230,1883,12.21
MED,2023-12-01 00:00:00,Entydighet,Diagnosekode med skiftende betydning,230,1857,12.39
DPS,2025-07-01 00:00:00,Entydighet,Diagnosekode med skiftende betydning,141,1061,13.29
ORT,2022-09-01 00:00:00,Entydighet,Diagnosekode med skiftende betydning,135,1050,12.86
KIR,2024-01-01 00:00:00,Entydighet,Diagnosekode med skiftende betydning,131,1039,12.61
ORT,2023-02-01 00:00:00,Entydighet,Diagnosekode med skiftende betydning,124,980,12.65
DPS,2023-10-01 00:00:00,Entydighet,Diagnosekode med skiftende betydning,123,1062,11.58
BUP,2022-06-01 00:00:00,Entydighet,Diagnosekode med skiftende betydning,120,1029,11.66
ONK,2024-04-01 00:00:00,Entydighet,Diagnosekode med skiftende betydning,133,1022,13.01
BUP,2022-03-01 00:00:00,Entydighet,Diagnosekode med skiftende betydning,141,1036,13.61
KIR,2024-03-01 00:00:00,Entydighet,Diagnosekode med skiftende betydning,145,1046,13.86
ORT,2023-07-01 00:00:00,Entydighet,Diagnosekode med skiftende betydning,126,1072,11.75
TSB,2023-03-01 00:00:00,Entydighet,Diagnosekode med skiftende betydning,131,1080,12.13
ORT,2024-11-01 00:00:00,Entydighet,Diagnosekode med skiftende betydning,106,941,11.26
REH,2023-03-01 00:00:00,Entydighet,Diagnosekode med skiftende betydning,138,1088,12.68
DPS,2022-08-01 00:00:00,Entydighet,Diagnosekode med skiftende betydning,109,1021,10.68
KIR,2025-06-01 00:00:00,Entydighet,Diagnosekode med skiftende betydning,137,1048,13.07
BUP,2024-06-01 00:00:00,Entydighet,Diagnosekode med skiftende betydning,139,1019,13.64
KIR,2025-04-01 00:00:00,Entydighet,Diagnosekode med skiftende betydning,108,973,11.1
REH,2022-09-01 00:00:00,Entydighet,Diagnosekode med skiftende betydning,133,1070,12.43
REH,2023-07-01 00:00:00,Entydighet,Diagnosekode med skiftende betydning,129,1088,11.86
KIR,2023-05-01 00:00:00,Entydighet,Diagnosekode med skiftende betydning,133,1106,12.03
KIR,2022-12-01 00:00:00,Entydighet,Diagnosekode med skiftende betydning,200,1852,10.8
TSB,2024-11-01 00:00:00,Entydighet,Diagnosekode med skiftende betydning,136,1068,12.73
REH,2023-02-01 00:00:00,Entydighet,Diagnosekode med skiftende betydning,115,923,12.46
KIR,2023-06-01 00:00:00,Entydighet,Diagnosekode med skiftende betydning,130,1072,12.13
BUP,2022-11-01 00:00:00,Entydighet,Diagnosekode med skiftende betydning,127,1072,11.85
REH,2024-11-01 00:00:00,Entydighet,Diagnosekode med skiftende betydning,123,1039,11.84
KIR,2024-09-01 00:00:00,Entydighet,Diagnosekode med skiftende betydning,125,1054,11.86
TSB,2022-09-01 00:00:00,Entydighet,Diagnosekode med skiftende betydning,123,1011,12.17
ORT,2023-03-01 00:00:00,Entydighet,Diagnosekode med skiftende betydning,158,1089,14.51
TSB,2023-07-01 00:00:00,Entydighet,Diagnosekode med skiftende betydning,145,1028,14.11
TSB,2024-02-01 00:00:00,Entydighet,Diagnosekode med skiftende betydning,127,1029,12.34
BUP,2022-07-01 00:00:00,Entydighet,Diagnosekode med skiftende betydning,140,1012,13.83
MED,2024-10-01 00:00:00,Entydighet,Diagnosekode med skiftende betydning,139,1049,13.25
ONK,2024-10-01 00:00:00,Entydighet,Diagnosekode med skiftende betydning,154,1080,14.26
DPS,2025-02-01 00:00:00,Entydighet,Diagnosekode med skiftende betydning,126,965,13.06
BUP,2025-12-01 00:00:00,Entydighet,Diagnosekode med skiftende betydning,251,1952,12.86
TSB,2023-02-01 00:00:00,Entydighet,Diagnosekode med skiftende betydning,104,953,10.91
REH,2024-02-01 00:00:00,Entydighet,Diagnosekode med skiftende betydning,107,980,10.92
KIR,2023-01-01 00:00:00,Entydighet,Diagnosekode med skiftende betydning,126,1033,12.2
REH,2025-02-01 00:00:00,Entydighet,Diagnosekode med skiftende betydning,103,867,11.88
BUP,2022-02-01 00:00:00,Entydighet,Diagnosekode med skiftende betydning,114,932,12.23
ONK,2025-09-01 00:00:00,Entydighet,Diagnosekode med skiftende betydning,129,1020,12.65
ORT,2022-08-01 00:00:00,Entydighet,Diagnosekode med skiftende betydning,130,1040,12.5
DPS,2023-07-01 00:00:00,Entydighet,Diagnosekode med skiftende betydning,130,1042,12.48
BUP,2024-03-01 00:00:00,Entydighet,Diagnosekode med skiftende betydning,138,1080,12.78
BUP,2024-01-01 00:00:00,Entydighet,Diagnosekode med skiftende betydning,145,1054,13.76
KIR,2022-06-01 00:00:00,Entydighet,Diagnosekode med skiftende betydning,128,967,13.24
ORT,2025-07-01 00:00:00,Entydighet,Diagnosekode med skiftende betydning,108,997,10.83
MED,2025-09-01 00:00:00,Entydighet,Diagnosekode med skiftende betydning,143,1036,13.8
DPS,2022-09-01 00:00:00,Entydighet,Diagnosekode med skiftende betydning,121,1062,11.39
TSB,2025-02-01 00:00:00,Entydighet,Diagnosekode med skiftende betydning,120,957,12.54
BUP,2025-06-01 00:00:00,Entydighet,Diagnosekode med skiftende betydning,141,1042,13.53
KIR,2022-03-01 00:00:00,Entydighet,Diagnosekode med skiftende betydning,135,1065,12.68
DPS,2023-02-01 00:00:00,Entydighet,Diagnosekode med skiftende betydning,124,929,13.35
DPS,2024-02-01 00:00:00,Entydighet,Diagnosekode med skiftende betydning,122,973,12.54
ORT,2023-10-01 00:00:00,Entydighet,Diagnosekode med skiftende betydning,141,1127,12.51
KIR,2024-06-01 00:00:00,Entydighet,Diagnosekode med skiftende betydning,129,1062,12.15
DPS,2024-11-01 00:00:00,Entydighet,Diagnosekode med skiftende betydning,136,1058,12.85
ONK,2025-03-01 00:00:00,Entydighet,Diagnosekode med skiftende betydning,128,1057,12.11
MED,2025-03-01 00:00:00,Entydighet,Diagnosekode med skiftende betydning,145,1060,13.68
ONK,2025-08-01 00:00:00,Entydighet,Diagnosekode med skiftende betydning,151,1066,14.17
KIR,2025-02-01 00:00:00,Entydighet,Diagnosekode med skiftende betydning,130,937,13.87
DPS,2022-12-01 00:00:00,Entydighet,Diagnosekode med skiftende betydning,255,1876,13.59
DPS,2023-06-01 00:00:00,Entydighet,Diagnosekode med skiftende betydning,125,1052,11.88
MED,2023-08-01 00:00:00,Entydighet,Diagnosekode med skiftende betydning,140,1072,13.06
DPS,2024-09-01 00:00:00,Entydighet,Diagnosekode med skiftende betydning,128,1047,12.23
TSB,2022-03-01 00:00:00,Entydighet,Diagnosekode med skiftende betydning,129,978,13.19
MED,2024-12-01 00:00:00,Entydighet,Diagnosekode med skiftende betydning,214,1965,10.89
TSB,2022-06-01 00:00:00,Entydighet,Diagnosekode med skiftende betydning,125,1003,12.46
DPS,2023-05-01 00:00:00,Entydighet,Diagnosekode med skiftende betydning,126,1074,11.73
DPS,2025-04-01 00:00:00,Entydighet,Diagnosekode med skiftende betydning,139,1089,12.76
ORT,2022-07-01 00:00:00,Entydighet,Diagnosekode med skiftende betydning,156,1099,14.19
ONK,2023-08-01 00:00:00,Entydighet,Diagnosekode med skiftende betydning,135,1120,12.05
TSB,2024-06-01 00:00:00,Entydighet,Diagnosekode med skiftende betydning,124,1017,12.19
MED,2025-08-01 00:00:00,Entydighet,Diagnosekode med skiftende betydning,124,1079,11.49
ORT,2022-11-01 00:00:00,Entydighet,Diagnosekode med skiftende betydning,134,1031,13.0
ONK,2025-05-01 00:00:00,Entydighet,Diagnosekode med skiftende betydning,128,1111,11.52
MED,2023-11-01 00:00:00,Entydighet,Diagnosekode med skiftende betydning,131,1012,12.94
REH,2024-06-01 00:00:00,Entydighet,Diagnosekode med skiftende betydning,116,1017,11.41
REH,2022-06-01 00:00:00,Entydighet,Diagnosekode med skiftende betydning,130,971,13.39
REH,2022-03-01 00:00:00,Entydighet,Diagnosekode med skiftende betydning,129,1055,12.23
ONK,2024-12-01 00:00:00,Entydighet,Diagnosekode med skiftende betydning,252,1938,13.0
BUP,2023-03-01 00:00:00,Entydighet,Diagnosekode med skiftende betydning,135,1058,12.76
MED,2025-05-01 00:00:00,Entydighet,Diagnosekode med skiftende betydning,134,1023,13.1
DPS,2023-01-01 00:00:00,Entydighet,Diagnosekode med skiftende betydning,137,1093,12.53
ORT,2025-12-01 00:00:00,Entydighet,Diagnosekode med skiftende betydning,244,1856,13.15
ONK,2023-11-01 00:00:00,Entydighet,Diagnosekode med skiftende betydning,138,1043,13.23
REH,2023-12-01 00:00:00,Entydighet,Diagnosekode med skiftende betydning,247,1885,13.1
REH,2024-04-01 00:00:00,Entydighet,Diagnosekode med skiftende betydning,139,1020,13.63
BUP,2023-11-01 00:00:00,Entydighet,Diagnosekode med skiftende betydning,119,1038,11.46
BUP,2025-03-01 00:00:00,Entydighet,Diagnosekode med skiftende betydning,131,1067,12.28
BUP,2024-12-01 00:00:00,Entydighet,Diagnosekode med skiftende betydning,220,1839,11.96
KIR,2022-04-01 00:00:00,Entydighet,Diagnosekode med skiftende betydning,129,981,13.15
KIR,2023-09-01 00:00:00,Entydighet,Diagnosekode med skiftende betydning,121,995,12.16
MED,2023-03-01 00:00:00,Entydighet,Diagnosekode med skiftende betydning,145,1045,13.88
TSB,2023-12-01 00:00:00,Entydighet,Diagnosekode med skiftende betydning,248,1882,13.18
BUP,2023-08-01 00:00:00,Entydighet,Diagnosekode med skiftende betydning,160,1088,14.71
BUP,2025-05-01 00:00:00,Entydighet,Diagnosekode med skiftende betydning,127,1094,11.61
ORT,2024-10-01 00:00:00,Entydighet,Diagnosekode med skiftende betydning,121,1089,11.11
TSB,2024-04-01 00:00:00,Entydighet,Diagnosekode med skiftende betydning,127,1037,12.25
DPS,2025-10-01 00:00:00,Entydighet,Diagnosekode med skiftende betydning,131,1051,12.46
ONK,2023-03-01 00:00:00,Entydighet,Diagnosekode med skiftende betydning,139,1149,12.1
BUP,2025-08-01 00:00:00,Entydighet,Diagnosekode med skiftende betydning,145,1101,13.17
MED,2023-04-01 00:00:00,Entydighet,Diagnosekode med skiftende betydning,128,978,13.09
KIR,2022-08-01 00:00:00,Entydighet,Diagnosekode med skiftende betydning,138,1038,13.29
ONK,2023-04-01 00:00:00,Entydighet,Diagnosekode med skiftende betydning,121,1028,11.77
BUP,2023-07-01 00:00:00,Entydighet,Diagnosekode med skiftende betydning,138,1087,12.7
BUP,2022-09-01 00:00:00,Entydighet,Diagnosekode med skiftende betydning,132,1073,12.3
ONK,2024-07-01 00:00:00,Entydighet,Diagnosekode med skiftende betydning,127,1069,11.88
KIR,2023-10-01 00:00:00,Entydighet,Diagnosekode med skiftende betydning,124,1058,11.72
ONK,2025-01-01 00:00:00,Entydighet,Diagnosekode med skiftende betydning,147,1133,12.97
REH,2022-11-01 00:00:00,Entydighet,Diagnosekode med skiftende betydning,143,1015,14.09
MED,2025-01-01 00:00:00,Entydighet,Diagnosekode med skiftende betydning,151,1129,13.37
MED,2024-08-01 00:00:00,Entydighet,Diagnosekode med skiftende betydning,131,1048,12.5
TSB,2025-12-01 00:00:00,Entydighet,Diagnosekode med skiftende betydning,254,1860,13.66
ORT,2022-03-01 00:00:00,Entydighet,Diagnosekode med skiftende betydning,122,1035,11.79
ONK,2024-08-01 00:00:00,Entydighet,Diagnosekode med skiftende betydning,124,1007,12.31
BUP,2024-11-01 00:00:00,Entydighet,Diagnosekode med skiftende betydning,101,1012,9.98
ONK,2022-01-01 00:00:00,Entydighet,Diagnosekode med skiftende betydning,125,1064,11.75
MED,2025-11-01 00:00:00,Entydighet,Diagnosekode med skiftende betydning,126,1027,12.27
TSB,2022-07-01 00:00:00,Entydighet,Diagnosekode med skiftende betydning,150,1057,14.19
MED,2024-05-01 00:00:00,Entydighet,Diagnosekode med skiftende betydning,136,1042,13.05
MED,2022-01-01 00:00:00,Entydighet,Diagnosekode med skiftende betydning,135,1132,11.93
DPS,2024-01-01 00:00:00,Entydighet,Diagnosekode med skiftende betydning,118,1071,11.02
DPS,2024-03-01 00:00:00,Entydighet,Diagnosekode med skiftende betydning,118,1019,11.58
DPS,2022-02-01 00:00:00,Entydighet,Diagnosekode med skiftende betydning,113,963,11.73
MED,2022-10-01 00:00:00,Entydighet,Diagnosekode med skiftende betydning,137,1047,13.09
BUP,2024-02-01 00:00:00,Entydighet,Diagnosekode med skiftende betydning,124,978,12.68
ORT,2022-06-01 00:00:00,Entydighet,Diagnosekode med skiftende betydning,132,1004,13.15
ONK,2025-11-01 00:00:00,Entydighet,Diagnosekode med skiftende betydning,119,990,12.02
ORT,2024-06-01 00:00:00,Entydighet,Diagnosekode med skiftende betydning,137,1039,13.19
KIR,2025-07-01 00:00:00,Entydighet,Diagnosekode med skiftende betydning,130,1065,12.21
REH,2022-07-01 00:00:00,Entydighet,Diagnosekode med skiftende betydning,125,1072,11.66
DPS,2025-06-01 00:00:00,Entydighet,Diagnosekode med skiftende betydning,131,1026,12.77
TSB,2022-11-01 00:00:00,Entydighet,Diagnosekode med skiftende betydning,112,1045,10.72
ONK,2022-10-01 00:00:00,Entydighet,Diagnosekode med skiftende betydning,135,1050,12.86
REH,2025-12-01 00:00:00,Entydighet,Diagnosekode med skiftende betydning,224,1877,11.93
BUP,2023-02-01 00:00:00,Entydighet,Diagnosekode med skiftende betydning,106,979,10.83
MED,2024-07-01 00:00:00,Entydighet,Diagnosekode med skiftende betydning,146,1110,13.15
ONK,2024-05-01 00:00:00,Entydighet,Diagnosekode med skiftende betydning,137,1115,12.29
TSB,2023-06-01 00:00:00,Entydighet,Diagnosekode med skiftende betydning,119,1038,11.46
TSB,2022-12-01 00:00:00,Entydighet,Diagnosekode med skiftende betydning,209,1800,11.61
REH,2024-09-01 00:00:00,Entydighet,Diagnosekode med skiftende betydning,131,1003,13.06
KIR,2024-11-01 00:00:00,Entydighet,Diagnosekode med skiftende betydning,109,1013,10.76
DPS,2024-06-01 00:00:00,Entydighet,Diagnosekode med skiftende betydning,139,1053,13.2
KIR,2023-02-01 00:00:00,Entydighet,Diagnosekode med skiftende betydning,123,989,12.44
BUP,2023-10-01 00:00:00,Entydighet,Diagnosekode med skiftende betydning,130,1045,12.44
MED,2022-05-01 00:00:00,Entydighet,Diagnosekode med skiftende betydning,118,1041,11.34
DPS,2022-03-01 00:00:00,Entydighet,Diagnosekode med skiftende betydning,112,1083,10.34
REH,2023-01-01 00:00:00,Entydighet,Diagnosekode med skiftende betydning,150,1087,13.8
KIR,2024-02-01 00:00:00,Entydighet,Diagnosekode med skiftende betydning,136,1001,13.59
BUP,2025-07-01 00:00:00,Entydighet,Diagnosekode med skiftende betydning,110,1028,10.7
TSB,2024-09-01 00:00:00,Entydighet,Diagnosekode med skiftende betydning,135,1005,13.43
REH,2022-12-01 00:00:00,Entydighet,Diagnosekode med skiftende betydning,204,1802,11.32
TSB,2023-05-01 00:00:00,Entydighet,Diagnosekode med skiftende betydning,120,1057,11.35
ORT,2022-02-01 00:00:00,Entydighet,Diagnosekode med skiftende betydning,136,950,14.32
KIR,2023-07-01 00:00:00,Entydighet,Diagnosekode med skiftende betydning,127,1051,12.08
KIR,2022-09-01 00:00:00,Entydighet,Diagnosekode med skiftende betydning,125,1052,11.88
REH,2023-06-01 00:00:00,Entydighet,Diagnosekode med skiftende betydning,116,1043,11.12
ONK,2022-05-01 00:00:00,Entydighet,Diagnosekode med skiftende betydning,132,1071,12.32
REH,2023-05-01 00:00:00,Entydighet,Diagnosekode med skiftende betydning,125,1043,11.98
TSB,2023-01-01 00:00:00,Entydighet,Diagnosekode med skiftende betydning,137,1075,12.74
REH,2025-04-01 00:00:00,Entydighet,Diagnosekode med skiftende betydning,132,1059,12.46
ORT,2024-01-01 00:00:00,Entydighet,Diagnosekode med skiftende betydning,149,1089,13.68
TSB,2025-04-01 00:00:00,Entydighet,Diagnosekode med skiftende betydning,123,1052,11.69
ORT,2024-03-01 00:00:00,Entydighet,Diagnosekode med skiftende betydning,138,1024,13.48
BUP,2022-08-01 00:00:00,Entydighet,Diagnosekode med skiftende betydning,141,1084,13.01
ORT,2025-06-01 00:00:00,Entydighet,Diagnosekode med skiftende betydning,121,1016,11.91
DPS,2022-06-01 00:00:00,Entydighet,Diagnosekode med skiftende betydning,116,1027,11.3
MED,2023-05-01 00:00:00,Entydighet,Diagnosekode med skiftende betydning,152,1079,14.09
DPS,2023-11-01 00:00:00,Entydighet,Diagnosekode med skiftende betydning,127,1005,12.64
ONK,2022-12-01 00:00:00,Entydighet,Diagnosekode med skiftende betydning,214,1840,11.63
DPS,2025-05-01 00:00:00,Entydighet,Diagnosekode med skiftende betydning,132,1059,12.46
MED,2023-01-01 00:00:00,Entydighet,Diagnosekode med skiftende betydning,148,1084,13.65
ONK,2024-09-01 00:00:00,Entydighet,Diagnosekode med skiftende betydning,117,1072,10.91
MED,2025-04-01 00:00:00,Entydighet,Diagnosekode med skiftende betydning,122,1007,12.12
DPS,2023-08-01 00:00:00,Entydighet,Diagnosekode med skiftende betydning,138,1077,12.81
MED,2024-09-01 00:00:00,Entydighet,Diagnosekode med skiftende betydning,128,1017,12.59
TSB,2022-05-01 00:00:00,Entydighet,Diagnosekode med skiftende betydning,128,1072,11.94
ONK,2023-01-01 00:00:00,Entydighet,Diagnosekode med skiftende betydning,124,1099,11.28
KIR,2024-10-01 00:00:00,Entydighet,Diagnosekode med skiftende betydning,135,1060,12.74
ONK,2023-06-01 00:00:00,Entydighet,Diagnosekode med skiftende betydning,122,1088,11.21
DPS,2025-03-01 00:00:00,Entydighet,Diagnosekode med skiftende betydning,141,1026,13.74
MED,2023-06-01 00:00:00,Entydighet,Diagnosekode med skiftende betydning,126,967,13.03
MED,2022-12-01 00:00:00,Entydighet,Diagnosekode med skiftende betydning,212,1853,11.44
DPS,2024-12-01 00:00:00,Entydighet,Diagnosekode med skiftende betydning,208,1789,11.63
ORT,2023-09-01 00:00:00,Entydighet,Diagnosekode med skiftende betydning,135,1010,13.37
ONK,2023-05-01 00:00:00,Entydighet,Diagnosekode med skiftende betydning,137,1087,12.6
REH,2022-05-01 00:00:00,Entydighet,Diagnosekode med skiftende betydning,134,1040,12.88
DPS,2025-08-01 00:00:00,Entydighet,Diagnosekode med skiftende betydning,135,1050,12.86
ORT,2022-04-01 00:00:00,Entydighet,Diagnosekode med skiftende betydning,143,1070,13.36
ONK,2025-04-01 00:00:00,Entydighet,Diagnosekode med skiftende betydning,140,1034,13.54
BUP,2025-10-01 00:00:00,Entydighet,Diagnosekode med skiftende betydning,131,1039,12.61
ORT,2024-09-01 00:00:00,Entydighet,Diagnosekode med skiftende betydning,138,1028,13.42
ORT,2023-05-01 00:00:00,Entydighet,Diagnosekode med skiftende betydning,126,1041,12.1
DPS,2022-11-01 00:00:00,Entydighet,Diagnosekode med skiftende betydning,121,1026,11.79
REH,2025-06-01 00:00:00,Entydighet,Diagnosekode med skiftende betydning,120,1023,11.73
DPS,2022-07-01 00:00:00,Entydighet,Diagnosekode med skiftende betydning,130,1107,11.74
ORT,2025-04-01 00:00:00,Entydighet,Diagnosekode med skiftende betydning,152,1051,14.46
TSB,2024-01-01 00:00:00,Entydighet,Diagnosekode med skiftende betydning,151,1081,13.97
REH,2024-01-01 00:00:00,Entydighet,Diagnosekode med skiftende betydning,128,1040,12.31
REH,2022-02-01 00:00:00,Entydighet,Diagnosekode med skiftende betydning,115,932,12.34
MED,2022-04-01 00:00:00,Entydighet,Diagnosekode med skiftende betydning,138,1000,13.8
TSB,2022-02-01 00:00:00,Entydighet,Diagnosekode med skiftende betydning,118,933,12.65
TSB,2025-06-01 00:00:00,Entydighet,Diagnosekode med skiftende betydning,126,1003,12.56
DPS,2025-12-01 00:00:00,Entydighet,Diagnosekode med skiftende betydning,257,1963,13.09
ONK,2023-09-01 00:00:00,Entydighet,Diagnosekode med skiftende betydning,137,1018,13.46
ORT,2023-01-01 00:00:00,Entydighet,Diagnosekode med skiftende betydning,133,1039,12.8
KIR,2023-03-01 00:00:00,Entydighet,Diagnosekode med skiftende betydning,168,1098,15.3
TSB,2024-03-01 00:00:00,Entydighet,Diagnosekode med skiftende betydning,131,1057,12.39
REH,2024-03-01 00:00:00,Entydighet,Diagnosekode med skiftende betydning,140,1037,13.5
ORT,2023-06-01 00:00:00,Entydighet,Diagnosekode med skiftende betydning,132,978,13.5
ORT,2022-12-01 00:00:00,Entydighet,Diagnosekode med skiftende betydning,212,1877,11.29
ONK,2022-04-01 00:00:00,Entydighet,Diagnosekode med skiftende betydning,114,981,11.62
MED,2023-09-01 00:00:00,Entydighet,Diagnosekode med skiftende betydning,114,1036,11.0
BUP,2025-02-01 00:00:00,Entydighet,Diagnosekode med skiftende betydning,124,962,12.89
KIR,2025-05-01 00:00:00,Entydighet,Diagnosekode med skiftende betydning,127,1065,11.92
BUP,2023-09-01 00:00:00,Entydighet,Diagnosekode med skiftende betydning,124,1019,12.17
KIR,2025-08-01 00:00:00,Entydighet,Diagnosekode med skiftende betydning,137,1056,12.97
KIR,2024-12-01 00:00:00,Entydighet,Diagnosekode med skiftende betydning,238,1886,12.62
MED,2025-02-01 00:00:00,Entydighet,Diagnosekode med skiftende betydning,133,922,14.43
TSB,2025-09-01 00:00:00,Entydighet,Diagnosekode med skiftende betydning,124,1048,11.83
KIR,2023-11-01 00:00:00,Entydighet,Diagnosekode med skiftende betydning,137,1002,13.67
DPS,2024-10-01 00:00:00,Entydighet,Diagnosekode med skiftende betydning,141,1048,13.45
ONK,2025-02-01 00:00:00,Entydighet,Diagnosekode med skiftende betydning,115,913,12.6
KIR,2025-03-01 00:00:00,Entydighet,Diagnosekode med skiftende betydning,144,1012,14.23
ORT,2025-10-01 00:00:00,Entydighet,Diagnosekode med skiftende betydning,143,1039,13.76
REH,2025-09-01 00:00:00,Entydighet,Diagnosekode med skiftende betydning,124,1048,11.83
KIR,2023-08-01 00:00:00,Entydighet,Diagnosekode med skiftende betydning,138,1054,13.09
BUP,2022-04-01 00:00:00,Entydighet,Diagnosekode med skiftende betydning,130,1051,12.37
ORT,2022-05-01 00:00:00,Entydighet,Diagnosekode med skiftende betydning,137,1035,13.24
DPS,2024-08-01 00:00:00,Entydighet,Diagnosekode med skiftende betydning,142,1064,13.35
DPS,2023-04-01 00:00:00,Entydighet,Diagnosekode med skiftende betydning,115,1009,11.4
DPS,2024-07-01 00:00:00,Entydighet,Diagnosekode med skiftende betydning,131,1094,11.97
DPS,2025-11-01 00:00:00,Entydighet,Diagnosekode med skiftende betydning,122,1092,11.17
MED,2024-01-01 00:00:00,Entydighet,Diagnosekode med skiftende betydning,120,1041,11.53
REH,2023-09-01 00:00:00,Entydighet,Diagnosekode med skiftende betydning,123,1018,12.08
ONK,2024-03-01 00:00:00,Entydighet,Diagnosekode med skiftende betydning,139,1097,12.67
DPS,2022-10-01 00:00:00,Entydighet,Diagnosekode med skiftende betydning,138,1051,13.13
ONK,2024-01-01 00:00:00,Entydighet,Diagnosekode med skiftende betydning,132,1016,12.99
BUP,2025-09-01 00:00:00,Entydighet,Diagnosekode med skiftende betydning,113,1009,11.2
DPS,2025-01-01 00:00:00,Entydighet,Diagnosekode med skiftende betydning,139,1088,12.78
KIR,2023-12-01 00:00:00,Entydighet,Diagnosekode med skiftende betydning,241,1919,12.56
TSB,2023-09-01 00:00:00,Entydighet,Diagnosekode med skiftende betydning,138,1074,12.85
TSB,2022-04-01 00:00:00,Entydighet,Diagnosekode med skiftende betydning,134,1012,13.24
DPS,2022-01-01 00:00:00,Entydighet,Diagnosekode med skiftende betydning,128,1058,12.1
MED,2022-02-01 00:00:00,Entydighet,Diagnosekode med skiftende betydning,133,1028,12.94
KIR,2024-04-01 00:00:00,Entydighet,Diagnosekode med skiftende betydning,128,1016,12.6
DPS,2024-05-01 00:00:00,Entydighet,Diagnosekode med skiftende betydning,150,1119,13.4
MED,2024-03-01 00:00:00,Entydighet,Diagnosekode med skiftende betydning,136,1037,13.11
ONK,2025-06-01 00:00:00,Entydighet,Diagnosekode med skiftende betydning,127,1017,12.49
REH,2022-04-01 00:00:00,Entydighet,Diagnosekode med skiftende betydning,122,1005,12.14
MED,2025-06-01 00:00:00,Entydighet,Diagnosekode med skiftende betydning,110,1025,10.73
ONK,2022-02-01 00:00:00,Entydighet,Diagnosekode med skiftende betydning,129,969,13.31
MED,2022-08-01 00:00:00,Entydighet,Diagnosekode med skiftende betydning,128,1034,12.38
KIR,2022-01-01 00:00:00,Entydighet,Diagnosekode med skiftende betydning,169,1179,14.33
MED,2025-07-01 00:00:00,Entydighet,Diagnosekode med skiftende betydning,119,1097,10.85
MED,2023-10-01 00:00:00,Entydighet,Diagnosekode med skiftende betydning,156,1031,15.13
KIR,2022-10-01 00:00:00,Entydighet,Diagnosekode med skiftende betydning,136,1020,13.33
ONK,2025-07-01 00:00:00,Entydighet,Diagnosekode med skiftende betydning,138,1074,12.85
DPS,2023-12-01 00:00:00,Entydighet,Diagnosekode med skiftende betydning,233,1825,12.77
KIR,2025-01-01 00:00:00,Entydighet,Diagnosekode med skiftende betydning,118,1037,11.38
KIR,2024-07-01 00:00:00,Entydighet,Diagnosekode med skiftende betydning,114,1044,10.92
KIR,2025-11-01 00:00:00,Entydighet,Diagnosekode med skiftende betydning,142,1042,13.63
ONK,2023-10-01 00:00:00,Entydighet,Diagnosekode med skiftende betydning,133,1065,12.49
KIR,2024-05-01 00:00:00,Entydighet,Diagnosekode med skiftende betydning,148,1028,14.4
BUP,2022-05-01 00:00:00,Entydighet,Diagnosekode med skiftende betydning,153,1132,13.52
DPS,2024-04-01 00:00:00,Entydighet,Diagnosekode med skiftende betydning,115,1046,10.99
REH,2025-10-01 00:00:00,Entydighet,Diagnosekode med skiftende betydning,143,1070,13.36
ORT,2025-09-01 00:00:00,Entydighet,Diagnosekode med skiftende betydning,113,978,11.55
ONK,2022-08-01 00:00:00,Entydighet,Diagnosekode med skiftende betydning,133,1081,12.3
KIR,2023-04-01 00:00:00,Entydighet,Diagnosekode med skiftende betydning,121,981,12.33
TSB,2025-10-01 00:00:00,Entydighet,Diagnosekode med skiftende betydning,134,1070,12.52
KIR,2024-08-01 00:00:00,Entydighet,Diagnosekode med skiftende betydning,121,1089,11.11
BUP,2023-12-01 00:00:00,Entydighet,Diagnosekode med skiftende betydning,203,1827,11.11
REH,2025-03-01 00:00:00,Entydighet,Diagnosekode med skiftende betydning,129,1040,12.4
ORT,2022-01-01 00:00:00,Entydighet,Diagnosekode med skiftende betydning,134,1081,12.4
TSB,2023-11-01 00:00:00,Entydighet,Diagnosekode med skiftende betydning,157,1088,14.43
ORT,2025-01-01 00:00:00,Entydighet,Diagnosekode med skiftende betydning,141,1063,13.26
TSB,2025-08-01 00:00:00,Entydighet,Diagnosekode med skiftende betydning,121,1038,11.66
MED,2022-03-01 00:00:00,Entydighet,Diagnosekode med skiftende betydning,144,1037,13.89
KIR,2025-09-01 00:00:00,Entydighet,Diagnosekode med skiftende betydning,137,1057,12.96
REH,2023-11-01 00:00:00,Entydighet,Diagnosekode med skiftende betydning,131,1030,12.72
DPS,2022-05-01 00:00:00,Entydighet,Diagnosekode med skiftende betydning,130,1060,12.26
REH,2025-08-01 00:00:00,Entydighet,Diagnosekode med skiftende betydning,144,1090,13.21
ONK,2022-06-01 00:00:00,Entydighet,Diagnosekode med skiftende betydning,137,1048,13.07
REH,2023-08-01 00:00:00,Entydighet,Diagnosekode med skiftende betydning,127,1063,11.95
TSB,2024-12-01 00:00:00,Entydighet,Diagnosekode med skiftende betydning,246,1881,13.08
REH,2024-12-01 00:00:00,Entydighet,Diagnosekode med skiftende betydning,214,1903,11.25
REH,2025-05-01 00:00:00,Entydighet,Diagnosekode med skiftende betydning,142,1029,13.8
MED,2022-06-01 00:00:00,Entydighet,Diagnosekode med skiftende betydning,105,1046,10.04
TSB,2025-03-01 00:00:00,Entydighet,Diagnosekode med skiftende betydning,128,1063,12.04
ORT,2022-10-01 00:00:00,Entydighet,Diagnosekode med skiftende betydning,116,1070,10.84
ORT,2025-11-01 00:00:00,Entydighet,Diagnosekode med skiftende betydning,129,1061,12.16
ORT,2024-08-01 00:00:00,Entydighet,Diagnosekode med skiftende betydning,116,1036,11.2
TSB,2025-05-01 00:00:00,Entydighet,Diagnosekode med skiftende betydning,145,1063,13.64
ORT,2023-04-01 00:00:00,Entydighet,Diagnosekode med skiftende betydning,138,1010,13.66
ORT,2024-05-01 00:00:00,Entydighet,Diagnosekode med skiftende betydning,149,987,15.1
TSB,2023-08-01 00:00:00,Entydighet,Diagnosekode med skiftende betydning,121,1037,11.67
MED,2024-06-01 00:00:00,Entydighet,Diagnosekode med skiftende betydning,134,1053,12.73
ORT,2024-07-01 00:00:00,Entydighet,Diagnosekode med skiftende betydning,133,1076,12.36
ONK,2024-06-01 00:00:00,Entydighet,Diagnosekode med skiftende betydning,117,985,11.88
BUP,2024-04-01 00:00:00,Entydighet,Diagnosekode med skiftende betydning,134,1042,12.86
ONK,2022-03-01 00:00:00,Entydighet,Diagnosekode med skiftende betydning,133,1091,12.19
MED,2023-02-01 00:00:00,Entydighet,Diagnosekode med skiftende betydning,137,970,14.12
MED,2023-07-01 00:00:00,Entydighet,Diagnosekode med skiftende betydning,122,1078,11.32
ORT,2023-12-01 00:00:00,Entydighet,Diagnosekode med skiftende betydning,236,1870,12.62
BUP,2022-01-01 00:00:00,Entydighet,Diagnosekode med skiftende betydning,134,1085,12.35
ONK,2024-11-01 00:00:00,Entydighet,Diagnosekode med skiftende betydning,130,1025,12.68
KIR,2022-05-01 00:00:00,Entydighet,Diagnosekode med skiftende betydning,135,1052,12.83
TSB,2024-10-01 00:00:00,Entydighet,Diagnosekode med skiftende betydning,141,1032,13.66
ONK,2023-07-01 00:00:00,Entydighet,Diagnosekode med skiftende betydning,128,1037,12.34
BUP,2025-01-01 00:00:00,Entydighet,Diagnosekode med skiftende betydning,160,1120,14.29
MED,2024-11-01 00:00:00,Entydighet,Diagnosekode med skiftende betydning,128,1066,12.01
BUP,2022-10-01 00:00:00,Entydighet,Diagnosekode med skiftende betydning,121,1047,11.56
ONK,2022-09-01 00:00:00,Entydighet,Diagnosekode med skiftende betydning,129,1011,12.76
MED,2022-09-01 00:00:00,Entydighet,Diagnosekode med skiftende betydning,128,1035,12.37
BUP,2024-05-01 00:00:00,Entydighet,Diagnosekode med skiftende betydning,114,1083,10.53
ORT,2024-04-01 00:00:00,Entydighet,Diagnosekode med skiftende betydning,126,1026,12.28
ONK,2023-02-01 00:00:00,Entydighet,Diagnosekode med skiftende betydning,111,927,11.97
MED,2024-02-01 00:00:00,Entydighet,Diagnosekode med skiftende betydning,132,1051,12.56
BUP,2023-04-01 00:00:00,Entydighet,Diagnosekode med skiftende betydning,126,1025,12.29
BUP,2024-08-01 00:00:00,Entydighet,Diagnosekode med skiftende betydning,134,1038,12.91
DPS,2025-09-01 00:00:00,Entydighet,Diagnosekode med skiftende betydning,141,1007,14.0
REH,2024-10-01 00:00:00,Entydighet,Diagnosekode med skiftende betydning,140,1037,13.5
BUP,2025-11-01 00:00:00,Entydighet,Diagnosekode med skiftende betydning,137,1070,12.8
BUP,2024-07-01 00:00:00,Entydighet,Diagnosekode med skiftende betydning,150,1069,14.03
ONK,2024-02-01 00:00:00,Entydighet,Diagnosekode med skiftende betydning,105,993,10.57
